1315966435.419671000,76,-80.7023,5.2313,-0.203847
1315966435.419671000,77,-8.70128,3.36507,0.428809
1315966435.419671000,78,-16.1111,-3.59213,0.598389
1315966435.419671000,79,-21.4532,-3.64882,0.357623
1315966435.419671000,80,-28.4977,-3.50175,1.51146
1315966435.419671000,81,53.5245,6.59831,-0.124794
1315966435.419671000,6,55.8486,7.1175,0.104354
1315966435.419671000,82,59.1468,9.3222,0.128659
1315966435.419671000,83,59.2036,10.1735,0.192307
1315966435.419671000,84,-88.6426,3.02695,0.0867049
1315966435.419671000,85,68.4512,9.80671,0.134126
1315966435.419671000,86,68.6604,10.3232,0.084497
1315966435.419671000,87,-35.6553,-3.70342,0.970777
1315966435.419671000,88,-42.7593,-3.83009,1.3295
1315966435.419671000,89,-53.6067,-3.76261,0.0645118
1315966435.419671000,90,-78.7223,-2.53753,-0.0201891
1315966435.419671000,91,-65.5943,-3.30529,0.48397
1315966435.419671000,92,-1.39016,-54.9564,2.01757
1315966435.419671000,93,-1.80129,-79.0553,3.21681
1315966435.419671000,94,-4.93728,-61.6577,2.12811
1315966435.419671000,95,-4.86455,-69.0735,2.28123
1315966435.419671000,24,-28.015,32.8243,-1.08105
1315966435.419671000,25,-27.9586,37.493,-1.22266
1315966435.419671000,96,-96.4773,6.92081,-0.0861057
1315966435.419671000,97,-59.2253,6.79921,-0.143625
1315966435.419671000,98,52.6916,5.51256,0.454109
1315966435.419671000,99,-46.9474,-3.50416,0.80409
1315966435.419671000,100,-92.3944,-3.26287,0.0872499
1315966435.419671000,101,-48.8904,6.92712,-0.150878
1315966435.419671000,102,89.9526,7.23625,0.245351
1315966435.419671000,103,85.7794,12.9111,0.257464
1315966435.419671000,104,70.8246,10.305,0.186105
1315966435.419671000,34,56.3289,-6.63617,0.608552
1315966435.419671000,105,-42.7594,6.92821,0.0412753
1315966435.419671000,106,70.4808,-2.73987,0.508426
1315966435.419671000,37,16.0524,7.14442,0.0330056
1315966435.419671000,107,21.5658,7.60419,0.0931399
1315966435.419671000,108,27.7882,7.51426,0.226978
1315966435.419671000,41,-28.196,35.0746,-0.738076
1315966435.419671000,109,-7.41468,-33.8597,0.802406
1315966435.419671000,110,5.63821,-32.4512,1.31341
1315966435.419671000,111,-115.91,6.61326,-0.228535
1315966435.419671000,112,-5.13367,-89.2222,2.42689
1315966435.419671000,113,3.31046,-21.8985,0.872886
1315966435.419671000,114,-90.7624,10.5148,-0.0303007
1315966435.419671000,48,4.0563,-32.5628,1.00959
1315966435.419671000,115,3.71597,-16.7484,0.644101
1315966435.419671000,116,100.986,3.68058,1.57297
1315966435.419671000,117,113.969,-3.09778,0.462966
1315966435.419671000,36,73.3924,-2.10073,0.543585
1315966435.419671000,118,73.2641,-1.47445,0.607904
1315966435.419671000,119,3.69453,-45.0081,1.41551
1315966435.419671000,120,-136.848,-0.565111,0.0575141
1315966435.419671000,121,-5.46448,-55.7327,1.51931
1315966435.419671000,122,-11.6317,-44.4348,1.32189
1315966435.419671000,123,43.6211,-3.27278,0.514817
1315966435.419671000,124,49.8525,-2.78491,0.345886
1315966435.419671000,58,55.7043,-2.89611,0.325701
1315966435.419671000,59,61.478,-3.12418,0.440766
1315966435.419671000,125,83.3477,2.92756,0.559775
1315966435.419671000,126,1.06853,-46.4491,2.34418
1315966435.419671000,127,43.0768,20.4953,-0.24438
1315966435.419671000,65,2.53405,8.94594,0.102842
1315966435.419671000,66,2.28719,8.16756,0.0507575
1315966435.419671000,67,62.4135,6.97455,0.209207
1315966435.419671000,128,83.3269,7.59804,0.207387
1315966435.419671000,129,95.8413,7.45838,0.549288
1315966435.419671000,71,86.5534,-2.75016,0.509637
1315966435.419671000,130,154.741,7.29122,1.41808
1315966435.419671000,131,95.0805,3.7012,0.733439
1315966435.419671000,132,72.1995,-8.54492,1.45064
1315966436.219647000,84,-88.4208,4.42363,-0.912617
1315966436.219647000,133,-19.0079,3.71774,0.21068
1315966436.219647000,79,-22.2065,-3.54676,0.515067
1315966436.219647000,80,-27.5629,-3.57217,0.236425
1315966436.219647000,87,-34.6216,-3.43751,0.125227
1315966436.219647000,134,46.0043,7.15646,0.094832
1315966436.219647000,6,49.8685,6.70379,0.394525
1315966436.219647000,135,52.3184,8.99214,0.386912
1315966436.219647000,136,52.4365,9.81211,0.425455
1315966436.219647000,137,-180.51,3.6652,-0.711794
1315966436.219647000,138,-101.584,3.53118,-0.713486
1315966436.219647000,82,61.4386,9.36607,0.362246
1315966436.219647000,7,61.789,9.90366,0.404016
1315966436.219647000,88,-41.9884,-3.55654,0.744504
1315966436.219647000,99,-48.7331,-3.70364,1.05203
1315966436.219647000,139,-59.6215,-3.51617,-0.310849
1315966436.219647000,140,-84.7999,-2.11172,-0.583516
1315966436.219647000,141,-71.6449,-2.64395,0.0132773
1315966436.219647000,142,-11.6076,-61.4084,3.19757
1315966436.219647000,143,-102.5,7.36545,-1.02783
1315966436.219647000,144,-65.2504,7.07711,-0.744926
1315966436.219647000,145,45.2772,5.86487,0.694637
1315966436.219647000,146,-98.475,-2.84851,-0.591632
1315966436.219647000,27,-54.6259,7.03048,-0.67135
1315966436.219647000,128,83.7884,6.75795,0.778745
1315966436.219647000,147,79.1651,12.5398,0.653032
1315966436.219647000,8,63.9748,9.96197,0.513144
1315966436.219647000,34,51.2242,-6.82486,1.13398
1315966436.219647000,101,-49.0543,7.11217,-0.43546
1315966436.219647000,59,64.545,-2.92704,1.10465
1315966436.219647000,148,10.052,7.03792,0.00655227
1315966436.219647000,149,157.691,-1.78327,1.91781
1315966436.219647000,37,15.5161,7.42622,0.0994652
1315966436.219647000,150,211.47,3.08407,2.18226
1315966436.219647000,39,21.7779,7.25101,0.289925
1315966436.219647000,41,-34.0523,35.1676,-1.61249
1315966436.219647000,151,-121.935,7.15973,-1.24581
1315966436.219647000,152,-2.82558,-22.2934,1.28164
1315966436.219647000,153,-97.28,11.2647,-0.955899
1315966436.219647000,154,-2.3275,-27.0793,1.41737
1315966436.219647000,155,-2.42119,-16.838,0.948029
1315966436.219647000,131,95.0406,3.15759,2.25927
1315966436.219647000,156,108.83,-3.82625,1.38132
1315966436.219647000,157,66.582,-2.42886,1.10707
1315966436.219647000,60,66.4355,-1.70187,1.15922
1315966436.219647000,107,18.8317,7.7303,0.0893217
1315966436.219647000,120,-139.199,-0.082684,-0.971949
1315966436.219647000,158,-12.0472,-55.7799,2.47629
1315966436.219647000,159,-17.9907,-44.3917,2.02522
1315966436.219647000,160,37.5189,-3.54096,0.887044
1315966436.219647000,57,43.8726,-3.12352,0.762537
1315966436.219647000,124,49.8079,-3.22095,0.789229
1315966436.219647000,58,55.4878,-3.40743,0.884762
1315966436.219647000,161,76.836,2.09157,1.14125
1315966436.219647000,162,35.0197,-7.15652,0.968037
1315966436.219647000,163,-5.55182,-46.4985,3.17984
1315966436.219647000,164,37.0923,20.4322,-0.302866
1315966436.219647000,66,-3.68413,8.84369,-0.0532058
1315966436.219647000,165,-3.93215,8.11443,-0.0997036
1315966436.219647000,5,56.3264,6.51265,0.54077
1315966436.219647000,67,62.8612,6.49595,0.778021
1315966436.219647000,166,77.546,6.95846,0.704697
1315966436.219647000,102,90.044,7.01037,1.1349
1315966436.219647000,70,144.586,1.05677,2.10309
1315966436.219647000,167,160.894,2.5282,1.90773
1315966436.219647000,71,80.6615,-3.32435,1.21694
1315966436.219647000,117,115.432,-3.51173,1.45269
1315966436.219647000,168,148.861,6.52083,2.45737
1315966436.219647000,61,88.3866,3.20855,1.36909
1315966436.219647000,169,66.2637,-8.84693,2.20737
1315966437.019299000,170,-97.0062,2.73943,-0.183951
1315966437.019299000,171,-30.0042,3.38324,0.355669
1315966437.019299000,80,-28.2397,-3.70351,0.729294
1315966437.019299000,87,-33.6077,-3.74678,0.492003
1315966437.019299000,88,-40.6561,-3.62663,0.436586
1315966437.019299000,172,38.6504,7.88142,-0.30543
1315966437.019299000,6,43.7838,6.84095,-0.0078278
1315966437.019299000,134,45.677,9.11874,-0.0477684
1315966437.019299000,173,45.6936,9.74105,-0.056662
1315966437.019299000,174,-196.486,2.85457,0.772917
1315966437.019299000,175,-114.604,3.32761,0.067936
1315966437.019299000,176,54.5057,9.55291,-0.140376
1315966437.019299000,136,54.8587,10.1162,-0.116606
1315966437.019299000,99,-47.7448,-3.87811,1.10802
1315966437.019299000,91,-65.4764,-3.79074,0.348418
1315966437.019299000,100,-90.8287,-2.51191,0.12372
1315966437.019299000,90,-77.5723,-2.63359,0.603979
1315966437.019299000,41,-39.9524,32.5339,-1.78487
1315966437.019299000,177,-108.573,6.87392,-0.239866
1315966437.019299000,178,-71.4127,6.80039,-0.249571
1315966437.019299000,179,37.7825,6.71738,0.237823
1315966437.019299000,180,-104.505,-3.32827,0.229699
1315966437.019299000,166,78.3572,7.07296,0.104124
1315966437.019299000,12,72.2371,12.5708,-0.000445074
1315966437.019299000,83,57.0323,10.1271,-0.0201316
1315966437.019299000,34,46.0644,-6.84916,0.801837
1315966437.019299000,181,58.874,-2.63662,0.620751
1315966437.019299000,58,58.7991,-3.11077,0.693796
1315966437.019299000,59,63.3243,-3.14034,0.670385
1315966437.019299000,182,4.05332,7.00126,-0.0899336
1315966437.019299000,148,9.38274,7.39881,-0.0406931
1315966437.019299000,107,15.7099,7.29512,0.0977359
1315966437.019299000,183,-8.94942,-16.8299,1.07414
1315966437.019299000,61,88.6629,3.35745,1.52105
1315966437.019299000,184,103.184,-3.5453,0.509909
1315966437.019299000,185,59.7708,-2.09179,0.603363
1315966437.019299000,186,59.6038,-1.3888,0.656513
1315966437.019299000,37,12.7228,7.63614,-0.0765892
1315966437.019299000,120,-142.027,-0.876664,0.169154
1315966437.019299000,187,31.4742,-3.48338,0.633266
1315966437.019299000,57,37.9104,-3.05131,0.458236
1315966437.019299000,123,43.9635,-3.08107,0.438844
1315966437.019299000,124,49.9173,-3.12076,0.488727
1315966437.019299000,60,70.0967,1.82026,0.567264
1315966437.019299000,188,29.1353,-6.42588,0.69945
1315966437.019299000,189,31.2464,25.9716,-1.0146
1315966437.019299000,190,30.8705,20.8831,-0.680485
1315966437.019299000,66,-9.80732,8.70994,-0.0497153
1315966437.019299000,191,-9.89312,8.05909,-0.093022
1315966437.019299000,98,50.2385,6.64409,0.101064
1315966437.019299000,5,56.8554,6.67478,0.274678
1315966437.019299000,11,71.9719,7.23419,0.0846788
1315966437.019299000,128,84.1399,7.22673,0.483108
1315966437.019299000,71,74.3901,-3.19732,0.566264
1315966437.019299000,192,142.963,7.09846,1.26708
1315966437.019299000,125,81.6762,3.51986,0.676896
1315966437.019299000,193,60.3005,-8.58815,1.76029
1315966437.219692000,170,-99.1859,2.23525,-0.124431
1315966437.219692000,171,-32.8228,3.33219,0.353637
1315966437.219692000,80,-29.7419,-3.75738,0.720612
1315966437.219692000,87,-35.111,-3.80746,0.482417
1315966437.219692000,29,-42.1476,-3.70576,0.425391
1315966437.219692000,172,36.9316,8.00989,-0.294231
1315966437.219692000,194,42.2604,6.9183,0.00759439
1315966437.219692000,173,44.0077,9.20883,-0.0286036
1315966437.219692000,134,43.9941,9.80322,-0.03584
1315966437.219692000,195,-200.386,2.61425,0.735057
1315966437.219692000,196,-117.98,3.193,0.0409063
1315966437.219692000,135,52.7333,9.6005,-0.118719
1315966437.219692000,176,53.1301,10.149,-0.0839098
1315966437.219692000,99,-49.452,-3.96265,1.09533
1315966437.219692000,89,-56.1789,-4.04005,1.44629
1315966437.219692000,91,-66.9327,-3.9112,0.331899
1315966437.219692000,100,-92.3276,-2.6583,0.101521
1315966437.219692000,90,-79.073,-2.72212,0.585737
1315966437.219692000,41,-41.503,32.4691,-1.76722
1315966437.219692000,177,-110.087,6.69935,-0.257339
1315966437.219692000,179,35.8722,6.95794,0.237133
1315966437.219692000,180,-106.009,-3.51414,0.204905
1315966437.219692000,166,76.9668,7.17307,0.126062
1315966437.219692000,12,70.5386,12.6107,0.0293218
1315966437.219692000,83,55.2257,10.1145,0.0102075
1315966437.219692000,97,-56.4149,7.13984,-0.0740482
1315966437.219692000,181,57.5157,-2.57175,0.632997
1315966437.219692000,58,57.3478,-2.99333,0.699229
1315966437.219692000,182,2.62951,6.99116,-0.083906
1315966437.219692000,148,7.90761,7.36816,-0.0325655
1315966437.219692000,107,14.2007,7.29028,0.106953
1315966437.219692000,197,-129.529,6.38006,-0.336853
1315966437.219692000,183,-10.7645,-16.8721,1.05823
1315966437.219692000,61,87.0179,3.40548,1.54801
1315966437.219692000,184,101.623,-3.42493,0.529283
1315966437.219692000,185,58.0559,-1.98985,0.612481
1315966437.219692000,186,57.8643,-1.33911,0.669923
1315966437.219692000,37,11.1793,7.63223,-0.0685606
1315966437.219692000,120,-141.657,-1.12633,0.143599
1315966437.219692000,187,29.974,-3.46655,0.637566
1315966437.219692000,160,36.3848,-3.02187,0.46376
1315966437.219692000,123,42.4943,-3.03637,0.445395
1315966437.219692000,124,48.2112,-3.12439,0.496533
1315966437.219692000,60,68.4407,1.71642,0.587759
1315966437.219692000,188,27.6914,-6.27993,0.697816
1315966437.219692000,189,29.539,25.8939,-0.988115
1315966437.219692000,190,29.3127,21.8198,-0.657833
1315966437.219692000,66,-11.3344,8.66721,-0.0455824
1315966437.219692000,191,-11.4014,8.02287,-0.0881059
1315966437.219692000,98,48.7312,6.77118,0.117338
1315966437.219692000,5,55.1721,6.72198,0.296472
1315966437.219692000,11,70.5403,7.28725,0.105445
1315966437.219692000,128,82.6631,7.30544,0.50791
1315966437.219692000,118,72.8779,-3.1496,0.580099
1315966437.219692000,192,141.488,7.29318,1.30245
1315966437.219692000,125,80.0216,3.62447,0.69655
1315966437.219692000,193,58.7693,-8.52462,1.76872
1315966437.819543000,198,-105.311,1.09334,0.259117
1315966437.819543000,199,-41.3788,3.2226,0.459776
1315966437.819543000,87,-34.2122,-3.84483,0.815625
1315966437.819543000,14,-39.646,-3.90387,0.594322
1315966437.819543000,99,-46.6618,-3.83098,1.76573
1315966437.819543000,6,31.4734,8.49648,-0.411143
1315966437.819543000,172,37.7967,6.92592,-0.101761
1315966437.819543000,200,39.0061,9.16906,-0.142736
1315966437.819543000,173,39.0672,10.0852,-0.158332
1315966437.819543000,201,-207.894,2.27347,1.39907
1315966437.819543000,202,-128.136,2.94305,0.422323
1315966437.819543000,98,47.5298,9.64593,-0.261738
1315966437.819543000,203,47.925,10.25,-0.231517
1315966437.819543000,104,70.5196,11.2878,-0.133462
1315966437.819543000,139,-60.3901,-4.18208,1.61921
1315966437.819543000,33,76.7806,10.7102,-0.152937
1315966437.819543000,141,-71.2107,-4.09177,0.396389
1315966437.819543000,204,48.6978,-5.06077,0.61119
1315966437.819543000,146,-96.7911,-2.85375,0.389823
1315966437.819543000,140,-83.5122,-2.9144,0.83362
1315966437.819543000,111,-114.567,6.46267,0.0976891
1315966437.819543000,40,30.3932,7.52604,0.108989
1315966437.819543000,11,72.617,7.25708,-0.0900514
1315966437.819543000,82,65.5305,12.6335,-0.169457
1315966437.819543000,176,49.9715,10.151,-0.133581
1315966437.819543000,205,-61.0361,6.889,0.118131
1315966437.819543000,186,53.5305,-2.48784,0.460335
1315966437.819543000,124,51.5126,-3.26892,0.380464
1315966437.819543000,181,53.0893,-2.87283,0.523094
1315966437.819543000,58,56.5465,-3.01076,0.497702
1315966437.819543000,185,56.824,-2.36498,0.392341
1315966437.819543000,165,-1.91575,6.95602,-0.0740893
1315966437.819543000,206,150.315,-1.37854,0.309785
1315966437.819543000,182,3.56151,7.34143,0.0280062
1315966437.819543000,37,9.77739,7.26018,0.0804268
1315966437.819543000,125,82.0503,3.40035,1.29517
1315966437.819543000,184,96.9669,-3.33459,0.222368
1315966437.819543000,207,52.9814,-2.0068,0.440386
1315966437.819543000,208,52.8742,-1.40097,0.504371
1315966437.819543000,148,6.67881,7.57914,-0.0787676
1315966437.819543000,187,25.5022,-3.50384,0.550224
1315966437.819543000,57,31.8962,-3.02279,0.357341
1315966437.819543000,160,38.0217,-3.00752,0.320509
1315966437.819543000,123,43.4258,-3.16617,0.353453
1315966437.819543000,209,63.3184,1.14509,0.393426
1315966437.819543000,188,23.3632,-5.80553,0.581053
1315966437.819543000,189,24.8816,26.718,-1.03372
1315966437.819543000,191,-15.7137,8.43101,0.0153718
1315966437.819543000,66,-15.9211,7.94548,-0.0287549
1315966437.819543000,210,202.422,4.70435,0.777503
1315966437.819543000,145,44.243,6.83396,-0.0134615
1315966437.819543000,211,50.4984,7.0367,0.159705
1315966437.819543000,5,55.792,7.37537,-0.116078
1315966437.819543000,8,66.2164,7.32849,-0.0927188
1315966437.819543000,166,78.3141,7.32577,0.273158
1315966437.819543000,212,138.891,1.06958,0.569467
1315966437.819543000,106,68.6542,-3.15017,0.356135
1315966437.819543000,213,103.457,-2.80476,0.199663
1315966437.819543000,69,101.603,7.32755,-0.246589
1315966437.819543000,192,137.128,7.49707,0.882813
1315966437.819543000,161,75.1738,3.72657,0.465518
1315966437.819543000,193,54.2783,-8.08145,1.5649
1315966440.219493000,214,-79.3231,3.17677,0.579204
1315966440.219493000,215,-53.1349,-3.80832,0.928663
1315966440.219493000,91,-65.6217,-3.59153,1.90055
1315966440.219493000,107,9.34812,10.862,-0.562847
1315966440.219493000,216,18.9473,6.57745,-0.0959052
1315966440.219493000,217,17.9792,8.97584,-0.131588
1315966440.219493000,6,17.9799,9.79113,-0.124295
1315966440.219493000,218,25.823,9.29901,-0.235237
1315966440.219493000,219,26.1829,9.80352,-0.22457
1315966440.219493000,141,-72.396,-3.85233,1.39383
1315966440.219493000,220,48.2511,9.46665,-0.289544
1315966440.219493000,203,45.7922,10.9576,-0.260506
1315966440.219493000,176,47.6301,10.7219,-0.235185
1315966440.219493000,221,49.0759,10.2054,-0.210582
1315966440.219493000,98,46.3327,10.1422,-0.317048
1315966440.219493000,83,49.4838,10.8388,-0.171227
1315966440.219493000,222,55.9572,11.2539,-0.239512
1315966440.219493000,223,73.6228,20.6682,-0.939219
1315966440.219493000,136,60.8259,10.4326,-0.232221
1315966440.219493000,224,-88.8176,-4.1195,0.638149
1315966440.219493000,225,31.8394,-5.3805,0.397865
1315966440.219493000,34,31.4481,-4.84174,0.522772
1315966440.219493000,226,-115.743,-2.54115,0.60509
1315966440.219493000,227,37.0886,-2.6629,0.403657
1315966440.219493000,170,-102.371,-3.0202,1.04445
1315966440.219493000,96,-96.2824,6.68593,0.180697
1315966440.219493000,37,8.00648,10.2843,-0.0776482
1315966440.219493000,228,-0.474633,34.6291,-1.30688
1315966440.219493000,229,-0.50074,28.1536,-0.990548
1315966440.219493000,230,-2.98605,29.2415,-0.932431
1315966440.219493000,231,-3.61997,29.0822,-0.915561
1315966440.219493000,5,53.9939,6.74714,-0.139566
1315966440.219493000,134,44.7855,11.6723,-0.199893
1315966440.219493000,232,28.2903,9.54222,-0.208163
1315966440.219493000,57,25.5831,-6.92637,0.615201
1315966440.219493000,76,-80.0617,6.49724,0.291647
1315966440.219493000,233,36.6822,-3.72542,0.453012
1315966440.219493000,234,34.105,-2.45437,0.341294
1315966440.219493000,235,35.7252,-2.97036,0.513563
1315966440.219493000,236,35.5839,-2.17206,0.42916
1315966440.219493000,237,32.3178,-4.91538,0.358824
1315966440.219493000,238,35.3855,-1.66941,0.343306
1315966440.219493000,239,-20.7502,6.75756,0.00607696
1315966440.219493000,240,-15.4658,7.12907,0.0957303
1315966440.219493000,241,172.176,2.9877,-0.204607
1315966440.219493000,242,-9.01393,7.05955,0.135313
1315966440.219493000,243,6.27829,82.6244,-3.33223
1315966440.219493000,244,5.96316,88.3688,-3.54509
1315966440.219493000,245,5.7602,106.995,-4.38517
1315966440.219493000,246,6.42637,157.662,-6.42876
1315966440.219493000,247,6.12063,175.407,-7.1541
1315966440.219493000,248,0.117653,181.539,-7.48401
1315966440.219493000,249,0.564843,155.623,-6.33711
1315966440.219493000,250,-0.528814,94.0925,-3.80287
1315966440.219493000,251,112.373,10.1001,-0.357713
1315966440.219493000,252,60.8847,3.07285,1.26762
1315966440.219493000,253,77.9268,-3.88873,0.120901
1315966440.219493000,254,31.9116,-3.15022,0.390072
1315966440.219493000,255,31.7524,-2.53121,0.460259
1315966440.219493000,256,6.69153,-3.85937,0.528684
1315966440.219493000,257,12.9685,-3.44584,0.363734
1315966440.219493000,188,19.021,-3.44058,0.318197
1315966440.219493000,187,24.2152,-3.57047,0.341917
1315966440.219493000,258,42.2634,-2.4036,0.43625
1315966440.219493000,259,4.68124,-5.3883,0.556097
1315966440.219493000,260,6.12928,25.8473,-0.973924
1315966440.219493000,261,6.14984,20.081,-0.648256
1315966440.219493000,262,6.06369,33.5299,-1.24739
1315966440.219493000,263,5.94465,38.7512,-1.46004
1315966440.219493000,264,-0.208226,39.7292,-1.55146
1315966440.219493000,265,-33.4784,6.17682,0.251054
1315966440.219493000,171,-33.8362,5.61367,0.359206
1315966440.219493000,266,177.499,3.84359,0.536427
1315966440.219493000,267,25.3622,6.50219,-0.0138617
1315966440.219493000,268,31.0959,6.78059,0.148402
1315966440.219493000,269,36.5204,7.25594,-0.15311
1315966440.219493000,270,47.1401,7.0839,-0.13698
1315966440.219493000,271,59.8791,7.0067,0.208033
1315966440.219493000,272,121.983,0.386883,0.4305
1315966440.219493000,273,132.132,0.349128,0.0901163
1315966440.219493000,206,151.534,-2.79912,0.00566795
1315966440.219493000,274,166.321,-1.23576,0.0911993
1315966440.219493000,71,49.9014,-3.96654,0.319379
1315966440.219493000,275,84.5379,-3.4586,0.0902317
1315966440.219493000,184,97.0692,-2.89003,0.373555
1315966440.219493000,276,54.3707,3.05478,0.458561
1315966440.219493000,277,35.3275,-8.45903,1.50167
1315966440.219493000,278,-27.3793,5.80959,-0.256683
1315966440.419222000,279,-82.6522,3.12227,0.417474
1315966440.419222000,215,-54.8331,-3.86637,0.821915
1315966440.419222000,139,-60.1722,-3.3454,0.599671
1315966440.419222000,91,-67.3071,-3.65374,1.7702
1315966440.419222000,107,7.51448,10.9868,-0.547326
1315966440.419222000,216,17.2642,6.56289,-0.0592718
1315966440.419222000,217,16.1232,8.99847,-0.0706533
1315966440.419222000,6,16.1089,9.71471,-0.081796
1315966440.419222000,218,23.9191,9.29669,-0.181471
1315966440.419222000,219,24.2666,9.76762,-0.170738
1315966440.419222000,220,46.7421,9.50964,-0.201638
1315966440.419222000,203,43.9449,10.9726,-0.168766
1315966440.419222000,176,45.7765,10.733,-0.193597
1315966440.419222000,221,47.1761,10.1446,-0.114329
1315966440.419222000,98,44.4507,10.1707,-0.22606
1315966440.419222000,83,47.6239,10.8153,-0.0709854
1315966440.419222000,135,54.0829,11.2833,-0.140936
1315966440.419222000,90,-80.5352,-4.16286,1.62579
1315966440.419222000,223,72.0888,21.051,-0.794753
1315966440.419222000,7,59.3799,10.3293,-0.125234
1315966440.419222000,236,35.4768,-1.85799,0.385747
1315966440.419222000,225,29.9185,-4.72466,0.532831
1315966440.419222000,227,35.2999,-2.59887,0.472713
1315966440.419222000,96,-97.974,6.64969,-0.000878643
1315966440.419222000,37,6.07794,10.6078,-0.104641
1315966440.419222000,228,-2.14404,34.3431,-1.29409
1315966440.419222000,229,-2.18951,28.1548,-0.983777
1315966440.419222000,230,-4.69833,29.4737,-0.933359
1315966440.419222000,231,-5.31942,29.3135,-0.919733
1315966440.419222000,5,52.2456,6.72185,-0.036834
1315966440.419222000,134,42.9546,11.5902,-0.108776
1315966440.419222000,232,26.3437,9.52287,-0.152373
1315966440.419222000,57,24.1788,-6.92899,0.653618
1315966440.419222000,76,-81.7564,6.45702,0.141335
1315966440.419222000,233,35.1112,-3.63398,0.522452
1315966440.419222000,255,32.518,-2.38317,0.387052
1315966440.419222000,235,34.2123,-2.98875,0.578584
1315966440.419222000,234,33.6642,-2.13893,0.483244
1315966440.419222000,254,32.8454,-2.75477,0.438897
1315966440.419222000,238,33.4538,-1.65061,0.403966
1315966440.419222000,239,-22.4434,6.74231,-0.0321175
1315966440.419222000,240,-17.1854,7.08073,0.067856
1315966440.419222000,242,-10.6859,7.03204,0.119268
1315966440.419222000,243,4.5813,82.6141,-3.26903
1315966440.419222000,244,4.24928,88.3547,-3.47942
1315966440.419222000,245,4.05647,106.976,-4.30662
1315966440.419222000,280,4.39426,124.171,-4.98662
1315966440.419222000,248,-1.59454,181.523,-7.3677
1315966440.419222000,249,-1.15383,155.604,-6.23744
1315966440.419222000,250,-2.36252,94.0546,-3.74041
1315966440.419222000,281,5.99587,30.9208,-0.97665
1315966440.419222000,251,110.732,10.1029,-0.139526
1315966440.419222000,252,58.9116,2.97676,1.383
1315966440.419222000,253,76.3544,-3.88274,0.261654
1315966440.419222000,237,30.0626,-3.26109,0.450707
1315966440.419222000,34,29.8931,-2.63113,0.520239
1315966440.419222000,256,5.12378,-3.88356,0.536014
1315966440.419222000,257,11.2779,-3.46146,0.382195
1315966440.419222000,188,17.3197,-3.46432,0.347647
1315966440.419222000,187,22.5035,-3.59245,0.382306
1315966440.419222000,258,40.6272,-2.33712,0.511971
1315966440.419222000,259,3.00805,-5.41558,0.556275
1315966440.419222000,260,4.7137,25.9253,-0.949204
1315966440.419222000,261,4.44803,19.9454,-0.627609
1315966440.419222000,262,4.4454,33.8371,-1.21751
1315966440.419222000,263,4.38989,38.7383,-1.42665
1315966440.419222000,264,-2.01805,39.655,-1.5292
1315966440.419222000,265,-35.077,5.8688,0.2904
1315966440.419222000,171,-35.4258,5.30531,0.306619
1315966440.419222000,266,175.157,3.86584,0.868069
1315966440.419222000,267,23.6749,6.48913,0.034691
1315966440.419222000,40,29.3146,6.76061,0.208189
1315966440.419222000,269,34.8322,7.23671,-0.0767112
1315966440.419222000,270,45.5408,6.97347,-0.0472968
1315966440.419222000,271,58.1678,7.03877,0.323021
1315966440.419222000,272,120.482,0.0954469,0.616651
1315966440.419222000,192,129.43,3.20594,0.151133
1315966440.419222000,273,130.516,0.29869,0.331951
1315966440.419222000,186,48.2404,-3.93606,0.394555
1315966440.419222000,275,82.8262,-3.47364,0.246913
1315966440.419222000,184,95.3735,-2.88906,0.551075
1315966440.419222000,282,89.1177,-3.60695,0.271019
1315966440.419222000,276,52.5359,2.97817,0.56213
1315966440.419222000,277,33.6372,-8.37724,1.55875
1315966441.819401000,198,-105.712,3.23621,0.43162
1315966441.819401000,91,-66.5419,-3.72489,0.848119
1315966441.819401000,141,-71.6943,-3.5279,0.624599
1315966441.819401000,90,-78.9992,-3.42927,0.588921
1315966441.819401000,283,-5.4932,12.6903,-0.612024
1315966441.819401000,148,5.6606,6.34108,-0.0239521
1315966441.819401000,182,3.43209,9.2003,-0.0352989
1315966441.819401000,37,3.27994,9.79877,-0.0454109
1315966441.819401000,284,10.5155,8.88276,-0.132506
1315966441.819401000,6,11.0064,9.66993,-0.130513
1315966441.819401000,200,36.0773,9.41806,-0.18108
1315966441.819401000,173,31.2987,10.8398,-0.136512
1315966441.819401000,285,32.8182,10.6278,-0.177036
1315966441.819401000,269,33.9347,9.58063,-0.16604
1315966441.819401000,179,31.3763,9.88171,-0.191497
1315966441.819401000,286,34.3382,10.194,-0.075876
1315966441.819401000,203,41.3197,10.9256,-0.0866633
1315966441.819401000,287,60.6046,22.2823,-0.781492
1315966441.819401000,288,49.3486,10.0879,-0.115141
1315966441.819401000,170,-102.013,-3.93948,0.498761
1315966441.819401000,289,22.3755,-1.9317,0.393771
1315966441.819401000,290,19.5455,-4.55951,0.459372
1315966441.819401000,187,19.0916,-4.13236,0.527096
1315966441.819401000,291,22.4454,-2.37442,0.471783
1315966441.819401000,226,-115.752,-2.77857,0.867764
1315966441.819401000,292,-146.824,7.15367,0.129045
1315966441.819401000,293,-109.635,6.94934,0.0234028
1315966441.819401000,294,-7.11142,12.5114,-0.224313
1315966441.819401000,295,-13.7678,27.6949,-0.974053
1315966441.819401000,296,-16.4952,31.3108,-0.9956
1315966441.819401000,297,-17.1212,31.0661,-0.983258
1315966441.819401000,194,40.6552,6.5235,-0.00308887
1315966441.819401000,298,30.0298,10.8551,-0.0499467
1315966441.819401000,217,12.9392,9.39417,-0.116374
1315966441.819401000,188,14.3525,-6.89213,0.663279
1315966441.819401000,225,24.8344,-4.28714,0.562682
1315966441.819401000,299,21.4089,-2.67352,0.438452
1315966441.819401000,300,23.9286,-3.48362,0.610546
1315966441.819401000,301,21.2211,-2.24153,0.506074
1315966441.819401000,34,21.8974,-2.95866,0.467785
1315966441.819401000,302,21.9537,-3.19819,0.415327
1315966441.819401000,303,20.2508,-3.52073,0.443932
1315966441.819401000,304,20.4964,-2.04862,0.454786
1315966441.819401000,265,-34.1207,6.68545,0.000796088
1315966441.819401000,66,-29.4284,6.99671,0.099288
1315966441.819401000,305,153.544,2.90505,0.180665
1315966441.819401000,239,-22.3332,6.93378,0.149246
1315966441.819401000,306,166.993,-7.21418,0.463034
1315966441.819401000,307,44.5668,2.86426,1.42603
1315966441.819401000,106,65.1864,-4.31445,0.296376
1315966441.819401000,57,17.1744,-4.37418,0.473538
1315966441.819401000,308,16.9839,-3.59238,0.521802
1315966441.819401000,309,-6.46881,-3.98131,0.571003
1315966441.819401000,259,-0.0954024,-3.59902,0.413511
1315966441.819401000,256,5.6324,-3.66855,0.379133
1315966441.819401000,257,10.6668,-3.84333,0.416235
1315966441.819401000,310,-7.17293,25.5844,-0.920889
1315966441.819401000,311,-7.11378,19.8984,-0.602951
1315966441.819401000,312,-7.68979,33.3081,-1.18012
1315966441.819401000,313,-13.6098,39.8924,-1.49125
1315966441.819401000,314,-45.7967,3.72492,0.509514
1315966441.819401000,315,-46.3057,3.25596,0.520062
1315966441.819401000,316,162.18,2.8808,0.926864
1315966441.819401000,216,11.9642,6.28556,0.0689953
1315966441.819401000,317,17.3549,6.5207,0.216315
1315966441.819401000,232,22.9327,6.89286,-0.0486622
1315966441.819401000,172,33.8775,6.78467,-0.0187104
1315966441.819401000,270,46.5639,6.70869,0.356691
1315966441.819401000,318,106.189,-0.291924,0.661355
1315966441.819401000,319,111.681,2.89241,0.157223
1315966441.819401000,272,117.494,-0.463418,0.364363
1315966441.819401000,320,138.328,-3.43481,0.329981
1315966441.819401000,206,152.684,-2.24849,0.455571
1315966441.819401000,71,36.4647,-3.96314,0.434485
1315966441.819401000,124,52.068,-3.88217,0.677694
1315966441.819401000,118,71.204,-3.93852,0.285219
1315966441.819401000,253,76.903,-4.07591,0.309269
1315966441.819401000,321,38.3709,2.75078,0.594085
1315966441.819401000,322,21.9319,-8.75109,1.58681
1315966441.819401000,233,34.0716,-3.85513,0.534582
1315966441.819401000,171,-40.6128,5.68655,-0.277437
1315966442.019785000,198,-109.013,3.43861,0.506522
1315966442.019785000,91,-68.2794,-3.64119,0.898893
1315966442.019785000,141,-73.4138,-3.53481,0.677652
1315966442.019785000,283,-7.70172,12.8414,-0.541684
1315966442.019785000,148,4.01484,6.35197,-0.0222952
1315966442.019785000,182,1.50612,9.20946,-0.034575
1315966442.019785000,37,1.29268,9.83041,-0.042454
1315966442.019785000,6,8.56164,8.80915,-0.131755
1315966442.019785000,284,9.04965,9.6404,-0.138474
1315966442.019785000,200,34.4415,9.4229,-0.0921422
1315966442.019785000,298,29.437,10.7996,-0.154045
1315966442.019785000,285,30.9186,10.5971,-0.1312
1315966442.019785000,286,31.9662,9.47394,-0.17652
1315966442.019785000,179,29.4674,9.78562,-0.205627
1315966442.019785000,269,32.3584,10.0707,-0.0881773
1315966442.019785000,203,39.4421,10.8486,-0.106682
1315966442.019785000,146,-93.9596,-3.67362,1.70665
1315966442.019785000,287,58.9576,22.1571,-0.829468
1315966442.019785000,288,48.0719,10.0689,-0.140995
1315966442.019785000,220,46.6396,9.47924,-0.126629
1315966442.019785000,170,-103.748,-3.79989,0.568966
1315966442.019785000,289,20.459,-1.90784,0.391108
1315966442.019785000,290,17.9357,-4.45715,0.456354
1315966442.019785000,187,17.4122,-4.10139,0.58835
1315966442.019785000,301,20.5538,-2.32241,0.468392
1315966442.019785000,226,-117.487,-2.62631,0.944542
1315966442.019785000,292,-148.544,7.35696,0.213917
1315966442.019785000,294,-9.0533,12.8449,-0.237762
1315966442.019785000,323,-144.536,-2.86437,0.640864
1315966442.019785000,295,-15.7732,27.9029,-0.978963
1315966442.019785000,296,-18.1544,31.4964,-1.01397
1315966442.019785000,297,-18.7792,31.2112,-1.00024
1315966442.019785000,194,38.9607,6.45304,-0.0195557
1315966442.019785000,173,28.1518,10.744,-0.0607539
1315966442.019785000,217,10.9908,9.39033,-0.120776
1315966442.019785000,188,12.8861,-6.86052,0.668529
1315966442.019785000,96,-95.1334,6.79069,0.223769
1315966442.019785000,300,23.2877,-4.43094,0.567022
1315966442.019785000,291,19.7876,-2.76364,0.437666
1315966442.019785000,225,22.43,-3.6015,0.617844
1315966442.019785000,304,19.2902,-2.30241,0.507854
1315966442.019785000,299,20.2988,-3.04296,0.475553
1315966442.019785000,302,20.3718,-3.2917,0.397331
1315966442.019785000,303,18.6181,-3.51902,0.445405
1315966442.019785000,34,18.6429,-2.14762,0.46216
1315966442.019785000,265,-35.8377,6.71872,0.0253317
1315966442.019785000,324,133.206,4.6704,-0.0348299
1315966442.019785000,66,-31.3023,7.01541,0.120192
1315966442.019785000,305,151.271,3.63839,-0.0206154
1315966442.019785000,239,-24.064,6.9409,0.166613
1315966442.019785000,306,165.731,-7.59158,0.389632
1315966442.019785000,307,42.4482,2.77273,1.41635
1315966442.019785000,106,63.4582,-4.43242,0.27699
1315966442.019785000,57,15.2346,-4.58054,0.483396
1315966442.019785000,308,15.0383,-3.76743,0.533167
1315966442.019785000,309,-8.20856,-3.99771,0.591117
1315966442.019785000,259,-1.7293,-3.62207,0.426807
1315966442.019785000,256,3.97552,-3.68858,0.392859
1315966442.019785000,257,8.92427,-3.88258,0.425123
1315966442.019785000,310,-8.9598,25.5526,-0.927427
1315966442.019785000,311,-8.8162,19.9327,-0.605432
1315966442.019785000,313,-15.2531,39.4524,-1.50589
1315966442.019785000,314,-47.4185,3.48338,0.557112
1315966442.019785000,315,-47.7784,3.00269,0.608666
1315966442.019785000,325,158.884,2.53666,0.850554
1315966442.019785000,216,10.2912,6.2744,0.0687731
1315966442.019785000,317,15.6347,6.47448,0.212339
1315966442.019785000,267,21.183,6.85903,-0.0562316
1315966442.019785000,268,32.1409,6.69078,-0.032506
1315966442.019785000,270,44.8527,6.64021,0.337034
1315966442.019785000,318,105.096,-0.493856,0.663187
1315966442.019785000,319,109.314,2.62725,0.104643
1315966442.019785000,272,115.884,-0.664902,0.347353
1315966442.019785000,320,136.615,-3.65214,0.268823
1315966442.019785000,206,150.961,-2.47713,0.388577
1315966442.019785000,254,34.8131,-4.03488,0.428248
1315966442.019785000,185,50.2844,-3.99354,0.664827
1315966442.019785000,118,69.4773,-4.06094,0.261238
1315966442.019785000,275,81.3761,-3.40408,0.561196
1315966442.019785000,253,75.1313,-4.2108,0.282513
1315966442.019785000,321,36.2132,2.6489,0.584797
1315966442.019785000,322,20.1923,-8.80107,1.6094
1315966442.019785000,233,32.3702,-3.86648,0.527737
1315966443.820146000,326,-136.304,8.04926,-0.936113
1315966443.820146000,327,-82.8244,-1.14379,-0.0553889
1315966443.820146000,328,-95.261,-0.223106,-0.452209
1315966443.820146000,329,-10.239,6.17828,0.029673
1315966443.820146000,330,-14.458,9.14195,0.0315156
1315966443.820146000,331,-14.5415,9.80503,0.0329339
1315966443.820146000,332,-8.05984,8.78718,0.0144468
1315966443.820146000,283,-7.61978,9.81297,0.0129563
1315966443.820146000,333,20.5975,8.71639,0.343734
1315966443.820146000,334,14.1796,9.91108,0.254591
1315966443.820146000,335,15.3275,10.0543,0.27487
1315966443.820146000,336,15.6952,8.0871,0.219401
1315966443.820146000,317,13.7733,8.2747,0.134296
1315966443.820146000,218,15.8196,8.76462,0.31312
1315966443.820146000,337,23.7934,9.45391,0.447028
1315966443.820146000,338,45.8349,20.0738,0.0850134
1315966443.820146000,200,35.8507,8.17469,0.37867
1315966443.820146000,172,34.7222,7.53717,0.460452
1315966443.820146000,339,4.47056,-2.63715,0.474263
1315966443.820146000,257,4.67074,-4.06689,0.496918
1315966443.820146000,340,4.1383,-4.01545,0.606606
1315966443.820146000,193,40.6638,-8.61437,0.818133
1315966443.820146000,341,4.6412,-3.06692,0.535244
1315966443.820146000,342,-131.977,1.87747,-0.567824
1315966443.820146000,343,-125.452,11.3519,-1.16249
1315966443.820146000,344,114.788,-12.224,1.59451
1315966443.820146000,345,-24.3695,16.6031,-0.286821
1315966443.820146000,346,24.6436,5.27433,0.434922
1315966443.820146000,299,17.4772,-5.98574,0.289348
1315966443.820146000,217,12.4924,9.24467,0.29143
1315966443.820146000,347,-5.52321,9.28675,0.0705039
1315966443.820146000,348,-0.109013,-6.60551,0.540413
1315966443.820146000,349,-109.252,10.4229,-0.841256
1315966443.820146000,187,10.3807,-6.12659,0.663755
1315966443.820146000,350,7.26354,-3.80549,0.535196
1315966443.820146000,57,9.86157,-5.09507,0.723105
1315966443.820146000,256,3.27493,-3.63342,0.580148
1315966443.820146000,351,7.32544,-4.29045,0.555492
1315966443.820146000,352,7.12125,-4.53941,0.495648
1315966443.820146000,353,5.6894,-3.95204,0.496923
1315966443.820146000,354,3.3074,-3.09401,0.472264
1315966443.820146000,355,60.364,-11.0011,1.20508
1315966443.820146000,356,-50.0489,8.07577,-0.371579
1315966443.820146000,357,63.2917,-11.2221,1.29687
1315966443.820146000,358,3.19441,-19.9284,0.770064
1315966443.820146000,359,2.83661,-20.7497,1.01432
1315966443.820146000,171,-47.0343,8.3349,-0.206369
1315966443.820146000,360,154.148,-10.4439,1.81262
1315966443.820146000,265,-38.2319,7.85518,-0.171416
1315966443.820146000,361,3.09842,-50.1847,1.67296
1315966443.820146000,362,1.26888,-101.63,3.00963
1315966443.820146000,363,2.35577,-57.1174,1.85489
1315966443.820146000,237,23.4509,1.15291,1.7985
1315966443.820146000,204,48.8049,-6.76102,0.806926
1315966443.820146000,364,-1.125,-6.28756,0.547681
1315966443.820146000,259,-1.34775,-5.60198,0.57195
1315966443.820146000,365,3.98129,-39.5567,1.6561
1315966443.820146000,366,0.931707,-50.4817,1.60711
1315966443.820146000,367,1.51741,-50.6332,1.62757
1315966443.820146000,368,-161.193,6.59583,-1.2262
1315966443.820146000,369,-22.9601,-3.68954,0.309738
1315966443.820146000,370,-16.2309,-3.21775,0.214179
1315966443.820146000,371,-11.2121,-3.84639,0.253422
1315966443.820146000,309,-5.62126,-4.05312,0.345562
1315966443.820146000,372,-22.636,20.0924,-0.457208
1315966443.820146000,373,-60.5635,2.84444,0.0735935
1315966443.820146000,374,-60.9416,2.21201,0.0496606
1315966443.820146000,375,138.739,-3.13182,2.59881
1315966443.820146000,376,-4.36909,5.51968,0.189373
1315966443.820146000,6,1.52875,5.94314,0.393035
1315966443.820146000,284,6.83688,6.11748,0.196397
1315966443.820146000,232,17.9926,5.66383,0.352879
1315966443.820146000,268,31.4803,6.07331,0.874039
1315966443.820146000,282,91.113,-3.92725,1.71956
1315966443.820146000,184,91.0051,-0.998553,1.24404
1315966443.820146000,213,101.95,-3.35651,1.55458
1315966443.820146000,377,122.096,-8.85887,1.66232
1315966443.820146000,378,136.037,-8.16159,1.91044
1315966443.820146000,71,20.1421,-5.35984,0.645877
1315966443.820146000,254,35.3754,-5.65393,1.05482
1315966443.820146000,124,54.866,-6.6535,0.881295
1315966443.820146000,118,66.813,-6.54971,1.30154
1315966443.820146000,379,60.7695,-6.99232,0.958955
1315966443.820146000,289,17.3184,1.15609,0.913404
1315966443.820146000,380,5.2801,-9.31634,1.55913
1315966443.820146000,225,17.6322,-5.26297,0.713733
1315966443.820146000,381,4.63108,-26.9751,2.25977
1315966443.820146000,382,1.51999,-11.4101,0.738408
1315966444.020274000,383,-138.914,6.16487,-0.944944
1315966444.020274000,327,-84.0901,-2.27105,-0.102985
1315966444.020274000,328,-96.5336,-1.5057,-0.502848
1315966444.020274000,329,-11.6109,6.02721,0.0348268
1315966444.020274000,330,-16.0649,8.92496,0.0427685
1315966444.020274000,331,-16.0951,9.60001,0.0450438
1315966444.020274000,332,-9.74881,8.7024,0.0293056
1315966444.020274000,283,-9.29365,9.67885,0.0181869
1315966444.020274000,219,19.1551,9.04775,0.365498
1315966444.020274000,334,12.6655,10.1017,0.279348
1315966444.020274000,335,13.7187,10.3096,0.29667
1315966444.020274000,336,14.0446,8.24185,0.241423
1315966444.020274000,317,12.2004,8.38965,0.162875
1315966444.020274000,218,14.1744,8.94783,0.339379
1315966444.020274000,337,22.2159,9.76252,0.475447
1315966444.020274000,338,44.2939,20.6506,0.160971
1315966444.020274000,200,34.5097,8.48758,0.411403
1315966444.020274000,172,33.3621,7.90941,0.491676
1315966444.020274000,339,3.09043,-2.66087,0.45494
1315966444.020274000,340,3.57484,-4.03667,0.484861
1315966444.020274000,257,2.97897,-4.01016,0.583816
1315966444.020274000,193,39.243,-8.16834,0.792671
1315966444.020274000,341,3.27053,-3.06495,0.514505
1315966444.020274000,384,-164.054,10.8732,-1.49704
1315966444.020274000,343,-126.876,9.67614,-1.18453
1315966444.020274000,385,113.335,-10.8171,1.56047
1315966444.020274000,344,114.609,-10.876,1.60352
1315966444.020274000,345,-25.9905,16.6404,-0.259621
1315966444.020274000,346,23.2636,5.90897,0.450223
1315966444.020274000,299,16.2798,-5.76301,0.264119
1315966444.020274000,217,10.893,9.32351,0.316084
1315966444.020274000,347,-7.16707,9.21292,0.0884371
1315966444.020274000,348,-1.15205,-6.56031,0.478109
1315966444.020274000,349,-110.67,8.95863,-0.859414
1315966444.020274000,187,9.31012,-6.10271,0.638286
1315966444.020274000,350,6.21216,-3.812,0.514784
1315966444.020274000,351,8.82192,-5.02652,0.698953
1315966444.020274000,256,1.97426,-3.66882,0.558038
1315966444.020274000,352,6.25831,-4.31718,0.535677
1315966444.020274000,57,6.09657,-4.54759,0.474243
1315966444.020274000,353,4.61621,-3.92701,0.512983
1315966444.020274000,354,1.98519,-3.08359,0.451286
1315966444.020274000,355,59.1927,-10.2258,1.18211
1315966444.020274000,356,-51.4677,7.37031,-0.37559
1315966444.020274000,357,62.173,-10.3976,1.27091
1315966444.020274000,358,2.17703,-19.9092,0.690944
1315966444.020274000,359,2.01663,-20.7531,0.935992
1315966444.020274000,386,152.987,-8.47036,1.82544
1315966444.020274000,66,-39.6098,7.31425,-0.171593
1315966444.020274000,361,2.64675,-51.5694,1.49088
1315966444.020274000,362,1.42616,-101.3,2.65071
1315966444.020274000,387,-153.407,16.4494,-1.29652
1315966444.020274000,388,148.71,-11.7217,2.03327
1315966444.020274000,237,21.6261,1.35866,1.79609
1315966444.020274000,204,47.6045,-6.14986,0.79191
1315966444.020274000,364,-2.53818,-6.43915,0.531065
1315966444.020274000,259,-2.76344,-5.79156,0.54296
1315966444.020274000,365,3.49438,-39.6847,1.51346
1315966444.020274000,366,0.233039,-50.3413,1.42174
1315966444.020274000,367,0.9347,-50.6766,1.4398
1315966444.020274000,389,-160.634,4.63252,-1.28061
1315966444.020274000,369,-24.2283,-4.03604,0.276433
1315966444.020274000,370,-17.4213,-3.41958,0.184647
1315966444.020274000,371,-12.4323,-4.02971,0.223577
1315966444.020274000,309,-6.8324,-4.1736,0.316949
1315966444.020274000,372,-24.1715,19.8915,-0.408135
1315966444.020274000,373,-61.7689,1.7227,0.0321091
1315966444.020274000,374,-62.1288,1.07899,0.0377827
1315966444.020274000,390,135.826,-1.46093,2.59947
1315966444.020274000,376,-5.67159,5.39746,0.192271
1315966444.020274000,148,-0.0954781,5.94467,0.401979
1315966444.020274000,284,5.47346,6.17982,0.207637
1315966444.020274000,232,16.616,5.79092,0.367429
1315966444.020274000,268,31.4027,6.55557,0.903237
1315966444.020274000,282,90.0864,-2.87638,1.72625
1315966444.020274000,184,89.4703,0.12482,1.26299
1315966444.020274000,213,100.665,-2.16573,1.54699
1315966444.020274000,377,120.94,-7.27006,1.66829
1315966444.020274000,378,134.97,-6.36548,1.91686
1315966444.020274000,302,18.9388,-5.12033,0.623137
1315966444.020274000,254,34.1527,-5.37467,1.03784
1315966444.020274000,124,53.6617,-5.97055,0.869684
1315966444.020274000,118,65.623,-5.70548,1.29266
1315966444.020274000,379,59.577,-6.1693,0.947629
1315966444.020274000,289,15.4707,1.33677,0.908395
1315966444.020274000,380,4.10812,-9.35181,1.51547
1315966444.020274000,290,16.3998,-5.06246,0.691015
1315966444.020274000,381,3.75833,-26.98,2.1553
1315966444.020274000,382,0.276513,-11.245,0.682137
1315966444.818527000,391,-148.387,-9.88473,0.279395
1315966444.818527000,392,-100.148,-12.5088,0.392449
1315966444.818527000,242,-16.6637,4.43606,0.112456
1315966444.818527000,240,-22.0907,6.49999,0.0896219
1315966444.818527000,393,-22.1409,7.3525,0.143086
1315966444.818527000,330,-15.6527,8.20169,0.0545762
1315966444.818527000,335,13.6855,11.2261,0.162809
1315966444.818527000,317,6.69144,11.1001,0.111652
1315966444.818527000,394,7.53127,12.0237,0.129651
1315966444.818527000,218,7.82013,9.30438,0.0798478
1315966444.818527000,284,6.15266,9.27606,0.013471
1315966444.818527000,217,7.63735,10.0337,0.178346
1315966444.818527000,219,16.025,11.932,0.226101
1315966444.818527000,395,37.3074,26.4625,-0.372428
1315966444.818527000,396,-123.075,-15.051,0.247072
1315966444.818527000,339,-1.74529,-2.93943,0.462058
1315966444.818527000,257,0.134833,-3.81745,0.485414
1315966444.818527000,256,-0.478161,-3.67592,0.62604
1315966444.818527000,397,8.62974,-27.3376,1.00041
1315966444.818527000,254,34.4826,-4.30724,0.518776
1315966444.818527000,398,-150.131,-15.4458,0.095204
1315966444.818527000,354,-1.61204,-3.30572,0.52709
1315966444.818527000,399,-168.591,-7.61925,-0.0728682
1315966444.818527000,400,-131.571,-4.7401,-0.0894383
1315966444.818527000,319,108.456,1.44046,0.589322
1315966444.818527000,401,-32.6207,14.8864,-0.177899
1315966444.818527000,225,12.4105,-4.24591,0.166121
1315966444.818527000,402,4.7043,9.93321,0.185345
1315966444.818527000,332,-13.3863,7.89648,0.121821
1315966444.818527000,364,-3.99786,-6.43866,0.516598
1315966444.818527000,403,-115.402,-3.63999,0.0908716
1315966444.818527000,352,6.35999,-5.53404,0.59013
1315966444.818527000,353,3.09947,-3.68887,0.506733
1315966444.818527000,350,5.77398,-4.34344,0.651729
1315966444.818527000,348,-2.80738,-4.09635,0.537665
1315966444.818527000,340,3.0018,-4.26362,0.532386
1315966444.818527000,71,2.89364,-4.52052,0.473971
1315966444.818527000,341,1.37138,-3.82855,0.484346
1315966444.818527000,57,-2.75124,-3.37517,0.472455
1315966444.818527000,124,55.5606,-3.91419,0.722859
1315966444.818527000,404,-56.4023,1.30253,0.0546426
1315966444.818527000,379,58.5878,-3.95214,0.788222
1315966444.818527000,315,-53.3538,1.91203,0.170751
1315966444.818527000,66,-44.589,2.52628,0.148646
1315966444.818527000,405,12.1084,-75.6622,3.45972
1315966444.818527000,406,8.25755,-100.604,3.33312
1315966444.818527000,407,-158.634,-0.906807,0.000383633
1315966444.818527000,305,143.771,4.42499,0.770131
1315966444.818527000,408,143.716,2.95342,0.879676
1315966444.818527000,409,143.416,3.78477,0.848775
1315966444.818527000,410,116.965,2.16689,0.68484
1315966444.818527000,411,114.425,0.381948,0.957985
1315966444.818527000,232,14.9459,3.60235,1.6025
1315966444.818527000,185,43.5791,-1.17482,0.412676
1315966444.818527000,259,-6.88405,-7.42143,0.613864
1315966444.818527000,309,-7.18615,-6.90254,0.626652
1315966444.818527000,412,5.1071,-19.6183,1.0242
1315966444.818527000,358,2.9694,-18.6517,0.922087
1315966444.818527000,369,-28.1237,-6.98628,0.529952
1315966444.818527000,413,-21.5224,-5.87037,0.388437
1315966444.818527000,371,-16.3317,-5.6945,0.368975
1315966444.818527000,414,-10.7523,-5.34069,0.416628
1315966444.818527000,415,-30.6823,16.8978,-0.301727
1315966444.818527000,215,-65.223,-6.20722,0.607985
1315966444.818527000,416,-65.5031,-6.95158,0.580803
1315966444.818527000,417,126.667,13.0331,1.37404
1315966444.818527000,6,-10.7035,4.37747,0.22266
1315966444.818527000,376,-5.26517,5.52674,0.380512
1315966444.818527000,216,0.640641,6.4575,0.0451299
1315966444.818527000,336,11.4141,7.72524,0.190308
1315966444.818527000,298,27.5941,9.63493,0.611177
1315966444.818527000,418,85.2344,5.96473,0.927034
1315966444.818527000,419,83.3212,8.82222,0.529472
1315966444.818527000,420,95.4759,7.83413,0.693279
1315966444.818527000,421,116.742,5.92294,0.623662
1315966444.818527000,422,130.705,8.24472,0.76836
1315966444.818527000,303,15.0875,-3.32439,0.493033
1315966444.818527000,227,30.1502,-1.99532,0.774536
1315966444.818527000,423,49.5989,-0.314062,0.431283
1315966444.818527000,424,61.4782,1.14874,0.753288
1315966444.818527000,425,55.6556,-0.0781173,0.459998
1315966444.818527000,271,51.2171,6.47964,0.404353
1315966444.818527000,426,83.6597,12.9891,1.35176
1315966444.818527000,289,8.87367,2.99544,0.763002
1315966444.818527000,380,0.731571,-9.20751,1.5532
1315966444.818527000,291,12.4449,-3.54713,0.589112
1315966444.818527000,427,7.43584,-13.5281,0.64907
1315966444.818527000,428,7.38099,-16.5393,0.713151
1315966444.818527000,381,3.24369,-26.4791,2.30473
1315966444.818527000,382,-3.40075,-10.9797,0.770377
1315966445.619530000,429,-155.378,-16.6996,-0.954138
1315966445.619530000,430,-90.9511,-15.9795,0.0536417
1315966445.619530000,431,-103.318,-17.1251,-0.32942
1315966445.619530000,242,-20.6952,3.61022,-0.0618247
1315966445.619530000,240,-26.9829,5.34907,-0.131791
1315966445.619530000,239,-27.004,6.11599,-0.08818
1315966445.619530000,393,-20.5322,7.07045,-0.123472
1315966445.619530000,432,-116.477,-19.0915,0.609023
1315966445.619530000,57,-5.97443,-3.48486,0.41026
1315966445.619530000,348,-2.72914,-3.81179,0.51192
1315966445.619530000,354,-3.22689,-3.45407,0.62838
1315966445.619530000,397,5.84716,-27.6221,1.21207
1315966445.619530000,233,26.4116,-4.56659,0.993877
1315966445.619530000,227,30.2193,-3.23848,0.840137
1315966445.619530000,339,-5.75745,-3.85592,0.520286
1315966445.619530000,433,-171.899,-15.3504,-1.35384
1315966445.619530000,434,-135.067,-10.8003,-1.10581
1315966445.619530000,435,103.827,5.89493,1.43619
1315966445.619530000,319,105.724,4.89522,1.49499
1315966445.619530000,225,8.70533,-3.87377,0.272949
1315966445.619530000,330,-18.5049,7.05011,-0.0522774
1315966445.619530000,309,-6.85031,-5.94611,0.447789
1315966445.619530000,436,-118.973,-8.95208,-0.80552
1315966445.619530000,350,3.52747,-5.51714,0.632042
1315966445.619530000,256,0.204401,-3.83765,0.528756
1315966445.619530000,340,3.1138,-4.12803,0.697842
1315966445.619530000,364,-6.94767,-4.68781,0.516385
1315966445.619530000,341,0.165447,-4.42672,0.580032
1315966445.619530000,257,-1.71332,-4.10482,0.533176
1315966445.619530000,71,-7.02851,-3.8672,0.445248
1315966445.619530000,423,51.8569,-1.55256,1.16419
1315966445.619530000,373,-60.2239,-1.31056,-0.411637
1315966445.619530000,379,54.8192,-1.54848,1.28504
1315966445.619530000,437,-3.11555,-20.9219,1.26132
1315966445.619530000,438,144.257,14.6404,1.6049
1315966445.619530000,66,-48.4962,0.487113,-0.238174
1315966445.619530000,405,11.6927,-75.0338,4.00938
1315966445.619530000,406,8.99035,-100.525,4.01249
1315966445.619530000,439,4.96104,-78.6581,3.08029
1315966445.619530000,440,3.43651,-69.9753,2.82287
1315966445.619530000,361,3.23476,-55.6671,2.4459
1315966445.619530000,441,-162.31,-8.00009,-1.25704
1315966445.619530000,442,138.411,10.1807,1.91745
1315966445.619530000,443,138.852,10.5798,1.84415
1315966445.619530000,444,112.257,7.28821,1.57057
1315966445.619530000,445,110.766,5.08114,1.8671
1315966445.619530000,289,9.12777,4.03703,1.66633
1315966445.619530000,185,39.7,0.625008,0.743356
1315966445.619530000,259,-11.0559,-8.19628,0.599107
1315966445.619530000,414,-11.4009,-7.61063,0.618306
1315966445.619530000,365,0.615269,-38.3948,1.98988
1315966445.619530000,446,2.76204,-24.0817,1.33204
1315966445.619530000,447,71.8248,15.7333,0.772622
1315966445.619530000,448,-159.656,-20.8219,-0.982183
1315966445.619530000,358,-0.317731,-18.6235,1.04301
1315966445.619530000,369,-31.7177,-8.29452,0.337348
1315966445.619530000,449,-25.1905,-6.79814,0.242308
1315966445.619530000,370,-19.9461,-6.47694,0.26301
1315966445.619530000,371,-14.3659,-5.92698,0.346597
1315966445.619530000,401,-35.2457,15.456,-0.654759
1315966445.619530000,215,-67.941,-10.0298,0.105374
1315966445.619530000,450,-68.2539,-10.7473,0.0784814
1315966445.619530000,451,119.381,18.1474,2.24395
1315966445.619530000,6,-14.8314,4.21343,0.0901894
1315966445.619530000,283,-9.25429,5.05061,0.289045
1315966445.619530000,376,-4.35877,6.28386,0.0773876
1315966445.619530000,452,80.3748,9.73794,1.53927
1315966445.619530000,453,77.3436,12.2116,1.10076
1315966445.619530000,454,91.2006,10.9662,1.36045
1315966445.619530000,455,112.552,11.0909,1.49992
1315966445.619530000,417,126.415,14.0618,1.71644
1315966445.619530000,291,11.3989,-2.74708,0.621415
1315966445.619530000,321,26.3423,-0.759329,1.00384
1315966445.619530000,456,45.7141,1.77057,0.805383
1315966445.619530000,457,57.4995,3.76259,1.20799
1315966445.619530000,458,51.7927,2.28532,0.875398
1315966445.619530000,220,45.7224,9.5159,0.689421
1315966445.619530000,459,79.3152,16.7139,1.91559
1315966445.619530000,34,3.37609,3.28743,0.775329
1315966445.619530000,346,21.5313,5.4783,0.605303
1315966445.619530000,380,-2.75804,-9.32212,1.60148
1315966445.619530000,308,8.75898,-3.04271,0.691483
1315966445.619530000,427,4.68283,-13.0492,0.931337
1315966445.619530000,460,4.26936,-16.2745,0.855381
1315966445.619530000,381,-0.571203,-26.4956,2.47533
1315966448.418912000,461,-105.42,-4.80575,0.639944
1315966448.418912000,403,-117.869,-4.40511,0.338016
1315966448.418912000,182,-2.48784,12.8454,0.164089
1315966448.418912000,462,-13.5268,10.4395,0.162055
1315966448.418912000,37,-10.3177,11.47,0.149973
1315966448.418912000,347,-12.9503,10.0899,0.160716
1315966448.418912000,463,-3.63084,11.1537,0.261022
1315966448.418912000,285,19.7146,11.3571,0.0174517
1315966448.418912000,179,19.5672,12.083,-0.0181701
1315966448.418912000,203,27.6417,10.0919,0.0014269
1315966448.418912000,298,27.0447,10.3801,0.00694957
1315966448.418912000,333,18.6387,9.85277,0.282188
1315966448.418912000,267,17.7581,9.0188,0.306042
1315966448.418912000,337,18.4773,10.3006,0.103935
1315966448.418912000,71,-13.5321,-3.43772,0.545305
1315966448.418912000,57,-13.486,-2.84714,0.660372
1315966448.418912000,351,9.10616,-6.6056,0.716696
1315966448.418912000,302,15.1906,-6.75407,0.645125
1315966448.418912000,370,-21.5755,-3.88188,0.461699
1315966448.418912000,464,-185.825,5.20542,-0.163258
1315966448.418912000,465,-148.645,5.45735,-0.155032
1315966448.418912000,466,87.8834,-5.29353,0.780275
1315966448.418912000,467,89.8457,-6.93568,0.704402
1315966448.418912000,284,1.92873,7.1077,0.251352
1315966448.418912000,257,-5.37054,-5.06489,0.547343
1315966448.418912000,6,-17.1008,-2.98043,0.543116
1315966448.418912000,343,-132.426,5.40067,0.0357569
1315966448.418912000,309,-7.81889,-5.80481,0.59738
1315966448.418912000,339,-10.9521,-4.21132,0.499757
1315966448.418912000,354,-7.7311,-5.03755,0.61832
1315966448.418912000,413,-22.9821,-4.44914,0.512686
1315966448.418912000,364,-10.8782,-4.60409,0.521129
1315966448.418912000,414,-10.9801,-4.92019,0.465932
1315966448.418912000,259,-12.7045,-4.41869,0.538822
1315966448.418912000,254,38.0661,-7.29838,0.775598
1315966448.418912000,468,-73.1315,6.25412,0.0338365
1315966448.418912000,469,40.4836,-7.5416,0.868776
1315966448.418912000,470,-61.9373,6.41248,0.134246
1315966448.418912000,334,8.14978,10.8728,0.144433
1315966448.418912000,471,35.6812,9.8887,0.155253
1315966448.418912000,472,60.6992,11.1644,0.369993
1315966448.418912000,473,59.8242,12.5416,0.241224
1315966448.418912000,474,68.9196,11.1354,0.140433
1315966448.418912000,475,55.284,10.6541,0.176023
1315966448.418912000,476,123.41,-4.90246,0.847572
1315966448.418912000,477,123.129,-6.70801,1.02159
1315966448.418912000,478,122.541,-5.45467,0.926425
1315966448.418912000,479,124.798,-5.7396,0.953854
1315966448.418912000,480,96.4999,-5.4711,0.743979
1315966448.418912000,481,97.2884,-7.06712,1.06364
1315966448.418912000,482,141.213,-5.53333,0.883128
1315966448.418912000,483,141.845,-6.35633,0.970511
1315966448.418912000,283,-10.8496,3.2519,1.62481
1315966448.418912000,233,26.3372,-3.50287,0.453714
1315966448.418912000,300,18.9201,-7.35154,0.559613
1315966448.418912000,484,59.8442,8.00221,0.273971
1315966448.418912000,407,-159.071,-1.45182,0.111951
1315966448.418912000,485,-46.3201,-4.04496,0.558814
1315966448.418912000,486,-39.0682,-3.631,0.398792
1315966448.418912000,487,-33.7663,-3.62369,0.367851
1315966448.418912000,488,-28.1226,-3.68494,0.420351
1315966448.418912000,489,-78.8174,-3.96121,0.488272
1315966448.418912000,490,-79.2256,-4.67881,0.441192
1315966448.418912000,319,105.359,5.21218,1.44249
1315966448.418912000,216,-5.17405,7.17245,0.216424
1315966448.418912000,336,8.44504,7.55367,0.653276
1315966448.418912000,491,70.1573,1.0535,1.04267
1315966448.418912000,492,59.8168,4.232,0.55511
1315966448.418912000,493,80.8592,2.63515,0.786606
1315966448.418912000,494,70.3167,4.01659,0.924001
1315966448.418912000,318,99.8104,-1.85451,0.723872
1315966448.418912000,411,113.793,0.0386425,0.863946
1315966448.418912000,256,-2.30951,-3.55509,0.514214
1315966448.418912000,303,12.8996,-3.33618,0.813433
1315966448.418912000,227,32.4124,-3.00943,0.477751
1315966448.418912000,495,44.2091,-2.52057,0.805374
1315966448.418912000,185,38.6396,-3.30322,0.515734
1315966448.418912000,496,28.1942,4.16775,0.418454
1315966448.418912000,288,42.6657,8.54831,0.129718
1315966448.418912000,200,31.891,7.49508,0.191694
1315966448.418912000,497,68.0125,8.34382,1.4111
1315966448.418912000,329,-16.7714,2.67151,0.818566
1315966448.418912000,289,3.84254,3.4373,0.477099
1315966448.418912000,371,-17.0156,-8.64447,1.51934
1315966448.418912000,348,-4.91211,-3.35907,0.607469
