1315966436.819498000,76,-94.7567,3.27394,-0.125359
1315966436.819498000,77,-27.2124,3.41189,0.381208
1315966436.819498000,4,-26.7463,-3.6475,0.754276
1315966436.819498000,13,-32.0993,-3.68844,0.520694
1315966436.819498000,14,-39.1942,-3.55792,0.470318
1315966436.819498000,78,40.5485,7.64545,-0.336428
1315966436.819498000,79,45.2999,6.76426,-0.0428605
1315966436.819498000,80,47.3448,9.07473,-0.082019
1315966436.819498000,81,47.3588,9.73019,-0.097223
1315966436.819498000,82,-111.263,3.43995,0.153448
1315966436.819498000,83,56.5558,10.0657,-0.154472
1315966436.819498000,29,-46.316,-3.78465,1.1466
1315966436.819498000,84,-64.0155,-3.67453,0.400535
1315966436.819498000,85,-89.3318,-2.35265,0.19382
1315966436.819498000,86,-76.1021,-2.55818,0.66317
1315966436.819498000,87,-38.3347,32.56,-1.78006
1315966436.819498000,88,-107.06,7.06648,-0.165966
1315966436.819498000,89,-69.8594,6.93727,-0.201971
1315966436.819498000,90,39.6701,6.49163,0.217513
1315966436.819498000,91,-103.008,-3.13984,0.309684
1315966436.819498000,92,79.6913,6.94022,0.0455093
1315966436.819498000,33,73.9378,12.5287,-0.0644082
1315966436.819498000,93,47.4433,-6.895,0.771889
1315966436.819498000,59,60.2707,-2.71809,0.580276
1315966436.819498000,94,60.2417,-3.24555,0.65666
1315966436.819498000,95,5.50009,6.99878,-0.0956275
1315966436.819498000,96,10.89,7.38502,-0.0512801
1315966436.819498000,37,17.218,7.2827,0.0829313
1315966436.819498000,97,-38.6734,34.992,-1.50437
1315966436.819498000,98,-102.16,11.1541,-0.172112
1315966436.819498000,99,-7.18121,-16.8325,1.09634
1315966436.819498000,100,90.2569,3.27876,1.45551
1315966436.819498000,101,104.726,-3.69408,0.439171
1315966436.819498000,102,61.4642,-2.21645,0.566326
1315966436.819498000,103,61.3005,-1.47692,0.617329
1315966436.819498000,104,14.2476,7.63466,-0.0884216
1315966436.819498000,105,-23.0699,-44.4685,2.47838
1315966436.819498000,106,32.9786,-3.51505,0.615131
1315966436.819498000,107,39.4171,-3.10039,0.436086
1315966436.819498000,57,45.4243,-3.14128,0.412672
1315966436.819498000,58,51.4074,-3.18231,0.458423
1315966436.819498000,108,71.7432,1.86075,0.510094
1315966436.819498000,109,30.5794,-6.63944,0.711803
1315966436.819498000,110,32.6967,23.8668,-1.05815
1315966436.819498000,111,32.4058,20.4426,-0.716261
1315966436.819498000,112,-8.27553,8.7481,-0.0488207
1315966436.819498000,113,-8.4086,8.07031,-0.0895392
1315966436.819498000,114,212.236,2.96551,1.23374
1315966436.819498000,115,51.7612,6.54607,0.0623403
1315966436.819498000,116,58.3462,6.63573,0.228157
1315966436.819498000,117,73.388,7.1334,0.0306128
1315966436.819498000,68,85.6166,7.12176,0.418079
1315966436.819498000,118,75.9409,-3.27166,0.517023
1315966436.819498000,119,144.438,6.86467,1.16219
1315966436.819498000,120,83.3483,3.3907,0.61828
1315966436.819498000,121,61.801,-8.67951,1.7252
1315966436.819498000,122,73.561,-3.01016,0.667189
1315966438.819507000,123,-116.702,-0.114044,0.869974
1315966438.819507000,124,-56.5289,3.29944,0.702952
1315966438.819507000,14,-41.6456,-3.99247,1.0138
1315966438.819507000,29,-46.9429,-3.98571,0.815107
1315966438.819507000,125,-54.0907,-3.82858,2.01713
1315966438.819507000,126,22.5678,9.48134,-0.567715
1315966438.819507000,40,30.3638,6.8396,-0.200237
1315966438.819507000,127,30.7033,9.07597,-0.243497
1315966438.819507000,128,30.6694,10.0214,-0.244903
1315966438.819507000,129,-144.997,2.88879,1.06001
1315966438.819507000,78,38.769,9.61059,-0.389034
1315966438.819507000,130,39.3109,10.2566,-0.357154
1315966438.819507000,131,58.3232,9.64921,-0.468406
1315966438.819507000,132,58.3989,11.1458,-0.497236
1315966438.819507000,7,60.0764,10.806,-0.435104
1315966438.819507000,8,61.8139,10.5764,-0.391909
1315966438.819507000,133,58.7782,10.36,-0.479105
1315966438.819507000,134,62.2886,11.0902,-0.363795
1315966438.819507000,12,70.5173,10.7727,-0.425806
1315966438.819507000,11,69.0105,10.1443,-0.421082
1315966438.819507000,86,-78.1721,-4.24299,0.816876
1315966438.819507000,62,42.1548,-5.69499,0.346874
1315966438.819507000,135,41.9402,-5.03779,0.444823
1315966438.819507000,136,49.699,-3.06649,0.274427
1315966438.819507000,85,-90.9081,-3.06023,1.24146
1315966438.819507000,137,-53.4305,36.87,-1.54818
1315966438.819507000,138,21.3481,8.52249,0.0268236
1315966438.819507000,139,65.1874,7.21639,-0.326355
1315966438.819507000,83,57.2487,12.4137,-0.361374
1315966438.819507000,140,41.3731,10.1489,-0.258188
1315966438.819507000,89,-68.5066,6.42886,0.437997
1315966438.819507000,141,46.9682,-2.77587,0.298781
1315966438.819507000,57,44.5927,-2.90117,0.192137
1315966438.819507000,58,46.1936,-2.7316,0.351829
1315966438.819507000,142,48.2903,-2.47955,0.310046
1315966438.819507000,143,45.1669,-3.25365,0.234912
1315966438.819507000,144,43.1814,-5.74757,0.287023
1315966438.819507000,145,48.4462,-1.84812,0.218741
1315966438.819507000,113,-9.32636,6.87727,-0.000486793
1315966438.819507000,146,-3.94194,7.28695,0.0777581
1315966438.819507000,95,2.76802,7.18378,0.102703
1315966438.819507000,147,19.0764,31.9397,-1.18269
1315966438.819507000,148,123.467,10.6502,-0.70113
1315966438.819507000,149,130.485,11.0545,-0.818373
1315966438.819507000,150,73.7424,3.46178,1.016
1315966438.819507000,71,89.6033,-3.37676,-0.129855
1315966438.819507000,151,44.693,-2.30469,0.284623
1315966438.819507000,152,44.5284,-1.74695,0.305674
1315966438.819507000,153,-0.961002,7.49803,-0.0452733
1315966438.819507000,154,18.0975,-3.61782,0.460914
1315966438.819507000,155,24.469,-3.13992,0.280017
1315966438.819507000,156,30.5782,-3.10087,0.218523
1315966438.819507000,106,35.8482,-3.23834,0.226927
1315966438.819507000,157,54.9881,-0.0484603,0.205825
1315966438.819507000,158,16.0946,-5.27293,0.495992
1315966438.819507000,159,17.4444,26.0946,-1.0572
1315966438.819507000,160,17.489,20.3592,-0.740527
1315966438.819507000,161,17.9703,33.6428,-1.32718
1315966438.819507000,162,-22.7376,7.67892,0.122237
1315966438.819507000,163,-23.0535,7.39204,0.124451
1315966438.819507000,90,36.7716,6.71325,-0.134716
1315966438.819507000,79,42.7515,7.06735,0.012196
1315966438.819507000,80,48.5892,7.51346,-0.288994
1315966438.819507000,116,58.7533,7.36251,-0.304635
1315966438.819507000,117,71.1221,7.29648,0.00469949
1315966438.819507000,164,61.2219,-3.45599,0.122727
1315966438.819507000,165,96.0507,-2.90497,-0.178927
1315966438.819507000,166,67.075,3.66521,0.244652
1315966438.819507000,167,46.8529,-8.00206,1.36658
1315966438.819507000,168,-15.8843,5.7316,-0.244466
1315966439.419518000,169,-127.057,-0.449319,1.07785
1315966439.419518000,89,-66.0241,3.33301,0.778325
1315966439.419518000,29,-46.4109,-3.91731,1.03776
1315966439.419518000,15,-51.7778,-3.88829,0.840549
1315966439.419518000,170,-58.8744,-3.66249,2.04626
1315966439.419518000,171,17.0949,9.96103,-0.531673
1315966439.419518000,172,25.6298,6.69563,-0.160082
1315966439.419518000,39,25.4403,8.95544,-0.192238
1315966439.419518000,126,25.3834,9.84863,-0.181339
1315966439.419518000,9,-155.772,3.10703,1.2538
1315966439.419518000,127,33.3326,9.38997,-0.339726
1315966439.419518000,173,33.8689,10.041,-0.307102
1315966439.419518000,84,-65.6619,-3.76493,1.55753
1315966439.419518000,174,54.1886,9.39658,-0.422098
1315966439.419518000,175,53.1838,11.0284,-0.385657
1315966439.419518000,7,55.01,10.6985,-0.390089
1315966439.419518000,133,56.6058,10.2955,-0.353385
1315966439.419518000,176,53.6986,10.1243,-0.436685
1315966439.419518000,132,57.1297,11.0165,-0.326167
1315966439.419518000,11,66.4616,10.5388,-0.395897
1315966439.419518000,86,-82.5947,-4.04703,0.854444
1315966439.419518000,177,37.727,-5.7776,0.322858
1315966439.419518000,106,37.6186,-5.11523,0.396989
1315966439.419518000,178,-109.019,-2.58209,0.898434
1315966439.419518000,143,44.1815,-2.84066,0.249516
1315966439.419518000,85,-95.668,-2.90608,1.28607
1315966439.419518000,179,-89.5692,6.67812,0.450033
1315966439.419518000,104,15.7352,9.11582,-0.0127355
1315966439.419518000,180,5.90431,34.241,-1.26237
1315966439.419518000,181,6.09267,28.2058,-0.941081
1315966439.419518000,182,3.98652,28.183,-0.817492
1315966439.419518000,183,3.1387,28.4369,-0.801603
1315966439.419518000,6,60.4789,6.93656,-0.303844
1315966439.419518000,184,52.0525,12.0577,-0.306822
1315966439.419518000,78,35.9539,9.82297,-0.201237
1315966439.419518000,109,31.2086,-6.88633,0.500506
1315966439.419518000,185,-73.2982,6.57226,0.512762
1315966439.419518000,57,42.6276,-3.29884,0.284951
1315966439.419518000,151,43.0182,-2.25913,0.283624
1315966439.419518000,62,40.821,-3.17322,0.22397
1315966439.419518000,152,42.9992,-1.80796,0.200908
1315966439.419518000,168,-14.0651,6.85577,0.053817
1315966439.419518000,113,-8.65986,7.27718,0.130596
1315966439.419518000,146,-2.32783,7.13249,0.151181
1315966439.419518000,186,12.8252,82.382,-3.09866
1315966439.419518000,187,12.9284,88.291,-3.30807
1315966439.419518000,188,12.3849,107.088,-4.08266
1315966439.419518000,189,13.0056,157.758,-5.95969
1315966439.419518000,190,13.2989,119.877,-4.51024
1315966439.419518000,191,12.708,124.286,-4.71819
1315966439.419518000,192,6.31909,94.1298,-3.5224
1315966439.419518000,193,14.4367,31.4926,-1.04184
1315966439.419518000,194,118.859,10.203,-0.68786
1315966439.419518000,148,125.303,10.6667,-0.805621
1315966439.419518000,166,68.4717,3.17351,1.05575
1315966439.419518000,195,84.7497,-3.74918,-0.153912
1315966439.419518000,107,39.4845,-2.67917,0.248764
1315966439.419518000,58,39.1606,-2.11785,0.306711
1315966439.419518000,112,-5.8465,7.46854,0.0876276
1315966439.419518000,196,-146.185,-1.17615,1.14144
1315966439.419518000,197,13.3274,-3.75049,0.463735
1315966439.419518000,154,19.6768,-3.32672,0.281041
1315966439.419518000,155,25.7657,-3.30229,0.217825
1315966439.419518000,156,30.8524,-3.46772,0.223767
1315966439.419518000,145,49.6053,-1.17915,0.246894
1315966439.419518000,198,11.3235,-5.28921,0.488969
1315966439.419518000,199,12.775,25.7414,-0.939883
1315966439.419518000,200,12.805,20.1069,-0.64625
1315966439.419518000,201,12.7261,33.4657,-1.18333
1315966439.419518000,202,12.6352,38.8104,-1.38517
1315966439.419518000,203,6.31259,40.0722,-1.45402
1315966439.419518000,204,-27.1604,7.21895,0.20165
1315966439.419518000,205,-27.5298,6.73156,0.302236
1315966439.419518000,206,186.923,4.22146,-0.0917165
1315966439.419518000,90,32.0543,6.62706,-0.0995336
1315966439.419518000,207,37.8946,6.92137,0.0443836
1315966439.419518000,79,43.369,7.31667,-0.259443
1315966439.419518000,28,54.1025,7.06539,-0.279588
1315966439.419518000,67,66.4973,7.08712,0.0252972
1315966439.419518000,208,56.4119,-3.78577,0.113104
1315966439.419518000,209,61.8799,3.21723,0.268612
1315966439.419518000,144,42.0254,-8.17057,1.33674
1315966441.219550000,76,-95.8407,3.16643,0.372117
1315966441.219550000,18,-61.4778,-3.77822,0.777696
1315966441.219550000,17,-73.9465,-3.58354,0.510017
1315966441.219550000,210,0.230049,11.8414,-0.540465
1315966441.219550000,96,10.6192,6.34553,-0.0165001
1315966441.219550000,211,8.83205,9.10784,-0.0294655
1315966441.219550000,212,8.81107,9.75647,-0.0392123
1315966441.219550000,104,16.3066,9.10007,-0.125167
1315966441.219550000,171,16.7134,9.68319,-0.116361
1315966441.219550000,79,40.7558,9.41099,-0.14205
1315966441.219550000,213,36.7319,10.8477,-0.099336
1315966441.219550000,214,38.4361,10.7349,-0.144406
1315966441.219550000,130,39.7194,9.85045,-0.0332826
1315966441.219550000,127,37.0757,10.1034,-0.170099
1315966441.219550000,140,40.0821,10.4695,-0.0193882
1315966441.219550000,81,46.8253,11.1132,-0.0718183
1315966441.219550000,86,-87.1721,-4.08949,1.56379
1315966441.219550000,215,65.4862,22.0892,-0.681196
1315966441.219550000,216,24.1485,-4.82451,0.432619
1315966441.219550000,217,23.7526,-4.38062,0.524132
1315966441.219550000,218,-141.794,6.89148,0.0313006
1315966441.219550000,88,-104.602,6.75601,-0.0479155
1315966441.219550000,95,-1.44249,11.6155,-0.147946
1315966441.219550000,219,-8.74968,33.9833,-1.20576
1315966441.219550000,220,-8.77836,28.0475,-0.925885
1315966441.219550000,221,-11.3756,30.4544,-0.89577
1315966441.219550000,222,-11.9917,30.2416,-0.885764
1315966441.219550000,223,45.6451,6.67291,0.0269207
1315966441.219550000,78,35.5645,11.2119,-0.0270684
1315966441.219550000,138,18.6634,9.46206,-0.00144527
1315966441.219550000,158,18.5452,-6.88019,0.649917
1315966441.219550000,179,-88.3843,6.5236,0.107018
1315966441.219550000,156,29.1862,-3.8899,0.549214
1315966441.219550000,224,26.2246,-2.44822,0.416672
1315966441.219550000,225,28.3476,-3.18456,0.598143
1315966441.219550000,58,26.709,-2.19408,0.501657
1315966441.219550000,226,26.6669,-2.81362,0.466286
1315966441.219550000,155,24.7754,-4.05745,0.406255
1315966441.219550000,227,25.9624,-1.84446,0.436703
1315966441.219550000,205,-29.0698,6.6668,-0.0215886
1315966441.219550000,163,-24.0552,6.96885,0.082634
1315966441.219550000,168,-17.3045,6.96622,0.136949
1315966441.219550000,228,-1.91367,82.5514,-3.02657
1315966441.219550000,229,-1.65403,157.573,-5.86417
1315966441.219550000,230,-7.92816,181.47,-6.85524
1315966441.219550000,231,-8.92429,93.9867,-3.47214
1315966441.219550000,232,-0.717009,31.0794,-0.886633
1315966441.219550000,233,104.339,9.83246,-0.0177037
1315966441.219550000,234,110.637,11.588,-0.180353
1315966441.219550000,235,172.708,-6.56375,0.52979
1315966441.219550000,145,50.7869,2.96234,1.41192
1315966441.219550000,236,70.1858,-4.07677,0.311211
1315966441.219550000,154,22.8045,-3.9022,0.438371
1315966441.219550000,237,22.5846,-3.15441,0.496606
1315966441.219550000,238,-1.48682,-3.95296,0.53721
1315966441.219550000,239,4.76398,-3.56344,0.387862
1315966441.219550000,198,10.6063,-3.60052,0.356497
1315966441.219550000,197,15.7797,-3.74296,0.397078
1315966441.219550000,240,-2.02659,25.7748,-0.874098
1315966441.219550000,241,-2.01799,19.6756,-0.570105
1315966441.219550000,242,-2.03676,33.2376,-1.11433
1315966441.219550000,243,-2.28677,38.9912,-1.30224
1315966441.219550000,244,-8.74343,39.8867,-1.41317
1315966441.219550000,35,-41.1609,4.63145,0.394096
1315966441.219550000,245,-41.5659,4.08526,0.447626
1315966441.219550000,246,168.463,3.56752,1.0156
1315966441.219550000,247,16.999,6.40381,0.077499
1315966441.219550000,248,22.5505,6.63115,0.235842
1315966441.219550000,126,28.0276,6.72535,-0.0308785
1315966441.219550000,207,39.0049,7.08286,0.0116932
1315966441.219550000,115,51.6664,6.86,0.390049
1315966441.219550000,249,112.149,-0.147537,0.716977
1315966441.219550000,250,119.351,2.97456,0.253146
1315966441.219550000,251,123.069,-0.0509063,0.438061
1315966441.219550000,252,143.312,-3.08675,0.399752
1315966441.219550000,135,41.4641,-3.96337,0.420033
1315966441.219550000,208,57.308,-3.59331,0.678276
1315966441.219550000,118,76.2135,-3.70073,0.307936
1315966441.219550000,195,82.1791,-3.83973,0.33524
1315966441.219550000,253,44.6232,2.8863,0.611303
1315966441.219550000,254,26.9954,-8.37153,1.56361
1315966441.219550000,57,39.1107,-4.04855,0.536416
1315966441.819401000,88,-105.712,3.23621,0.43162
1315966441.819401000,84,-66.5419,-3.72489,0.848119
1315966441.819401000,17,-71.6943,-3.5279,0.624599
1315966441.819401000,255,-78.9992,-3.42927,0.588921
1315966441.819401000,95,-5.4932,12.6903,-0.612024
1315966441.819401000,66,5.6606,6.34108,-0.0239521
1315966441.819401000,65,3.43209,9.2003,-0.0352989
1315966441.819401000,256,3.27994,9.79877,-0.0454109
1315966441.819401000,211,10.5155,8.88276,-0.132506
1315966441.819401000,212,11.0064,9.66993,-0.130513
1315966441.819401000,214,36.0773,9.41806,-0.18108
1315966441.819401000,128,31.2987,10.8398,-0.136512
1315966441.819401000,78,32.8182,10.6278,-0.177036
1315966441.819401000,173,33.9347,9.58063,-0.16604
1315966441.819401000,126,31.3763,9.88171,-0.191497
1315966441.819401000,213,34.3382,10.194,-0.075876
1315966441.819401000,140,41.3197,10.9256,-0.0866633
1315966441.819401000,83,60.6046,22.2823,-0.781492
1315966441.819401000,7,49.3486,10.0879,-0.115141
1315966441.819401000,91,-102.013,-3.93948,0.498761
1315966441.819401000,257,22.3755,-1.9317,0.393771
1315966441.819401000,258,19.5455,-4.55951,0.459372
1315966441.819401000,259,19.0916,-4.13236,0.527096
1315966441.819401000,260,22.4454,-2.37442,0.471783
1315966441.819401000,123,-115.752,-2.77857,0.867764
1315966441.819401000,261,-146.824,7.15367,0.129045
1315966441.819401000,262,-109.635,6.94934,0.0234028
1315966441.819401000,263,-7.11142,12.5114,-0.224313
1315966441.819401000,264,-13.7678,27.6949,-0.974053
1315966441.819401000,265,-16.4952,31.3108,-0.9956
1315966441.819401000,266,-17.1212,31.0661,-0.983258
1315966441.819401000,207,40.6552,6.5235,-0.00308887
1315966441.819401000,267,30.0298,10.8551,-0.0499467
1315966441.819401000,268,12.9392,9.39417,-0.116374
1315966441.819401000,269,14.3525,-6.89213,0.663279
1315966441.819401000,155,24.8344,-4.28714,0.562682
1315966441.819401000,270,21.4089,-2.67352,0.438452
1315966441.819401000,271,23.9286,-3.48362,0.610546
1315966441.819401000,272,21.2211,-2.24153,0.506074
1315966441.819401000,273,21.8974,-2.95866,0.467785
1315966441.819401000,237,21.9537,-3.19819,0.415327
1315966441.819401000,154,20.2508,-3.52073,0.443932
1315966441.819401000,58,20.4964,-2.04862,0.454786
1315966441.819401000,205,-34.1207,6.68545,0.000796088
1315966441.819401000,204,-29.4284,6.99671,0.099288
1315966441.819401000,274,153.544,2.90505,0.180665
1315966441.819401000,162,-22.3332,6.93378,0.149246
1315966441.819401000,275,166.993,-7.21418,0.463034
1315966441.819401000,253,44.5668,2.86426,1.42603
1315966441.819401000,60,65.1864,-4.31445,0.296376
1315966441.819401000,158,17.1744,-4.37418,0.473538
1315966441.819401000,197,16.9839,-3.59238,0.521802
1315966441.819401000,276,-6.46881,-3.98131,0.571003
1315966441.819401000,238,-0.0954024,-3.59902,0.413511
1315966441.819401000,239,5.6324,-3.66855,0.379133
1315966441.819401000,198,10.6668,-3.84333,0.416235
1315966441.819401000,220,-7.17293,25.5844,-0.920889
1315966441.819401000,277,-7.11378,19.8984,-0.602951
1315966441.819401000,219,-7.68979,33.3081,-1.18012
1315966441.819401000,278,-13.6098,39.8924,-1.49125
1315966441.819401000,279,-45.7967,3.72492,0.509514
1315966441.819401000,280,-46.3057,3.25596,0.520062
1315966441.819401000,281,162.18,2.8808,0.926864
1315966441.819401000,96,11.9642,6.28556,0.0689953
1315966441.819401000,247,17.3549,6.5207,0.216315
1315966441.819401000,248,22.9327,6.89286,-0.0486622
1315966441.819401000,282,33.8775,6.78467,-0.0187104
1315966441.819401000,223,46.5639,6.70869,0.356691
1315966441.819401000,283,106.189,-0.291924,0.661355
1315966441.819401000,284,111.681,2.89241,0.157223
1315966441.819401000,285,117.494,-0.463418,0.364363
1315966441.819401000,286,138.328,-3.43481,0.329981
1315966441.819401000,287,152.684,-2.24849,0.455571
1315966441.819401000,57,36.4647,-3.96314,0.434485
1315966441.819401000,136,52.068,-3.88217,0.677694
1315966441.819401000,236,71.204,-3.93852,0.285219
1315966441.819401000,118,76.903,-4.07591,0.309269
1315966441.819401000,62,38.3709,2.75078,0.594085
1315966441.819401000,288,21.9319,-8.75109,1.58681
1315966441.819401000,289,34.0716,-3.85513,0.534582
1315966441.819401000,35,-40.6128,5.68655,-0.277437
1315966442.618973000,290,-118.964,4.52379,-0.662511
1315966442.618973000,17,-73.556,-3.10883,0.246531
1315966442.618973000,291,-86.0068,-2.64164,-0.127727
1315966442.618973000,292,-13.7268,13.551,-0.960025
1315966442.618973000,153,-1.16143,6.27132,-0.0605657
1315966442.618973000,293,-4.33711,9.28898,-0.128698
1315966442.618973000,294,-4.47683,9.89054,-0.110022
1315966442.618973000,146,2.5899,8.67677,-0.144576
1315966442.618973000,256,3.18488,9.57001,-0.154896
1315966442.618973000,128,29.495,9.2842,0.132301
1315966442.618973000,90,23.893,10.6022,0.0191467
1315966442.618973000,39,25.2578,10.472,0.0438549
1315966442.618973000,295,26.095,9.02248,0.025287
1315966442.618973000,248,23.7983,9.36121,-0.0848973
1315966442.618973000,296,26.3678,9.63101,0.09933
1315966442.618973000,173,33.687,10.4638,0.176895
1315966442.618973000,91,-99.2341,-2.88311,0.811603
1315966442.618973000,297,54.3023,21.4874,-0.445846
1315966442.618973000,127,43.3727,9.65606,0.175066
1315966442.618973000,178,-109.019,-2.88739,-0.434178
1315966442.618973000,298,14.6915,-2.02338,0.563068
1315966442.618973000,299,12.9506,-4.24605,0.632002
1315966442.618973000,300,12.5356,-4.00671,0.748743
1315966442.618973000,301,14.81,-2.41636,0.642441
1315966442.618973000,302,-116.529,8.03469,-1.06077
1315966442.618973000,303,-14.7544,13.9921,-0.5008
1315966442.618973000,304,-20.7811,33.5916,-1.71546
1315966442.618973000,282,33.7609,6.07405,0.271816
1315966442.618973000,305,22.5101,10.3768,0.0537081
1315966442.618973000,65,5.16371,9.33496,-0.0955972
1315966442.618973000,239,8.17036,-6.68404,0.771886
1315966442.618973000,306,-100.313,7.59541,-0.767029
1315966442.618973000,258,18.5881,-4.85663,0.798043
1315966442.618973000,307,15.1105,-3.07607,0.618426
1315966442.618973000,308,17.8156,-4.08001,0.847563
1315966442.618973000,309,13.6094,-2.70021,0.690864
1315966442.618973000,310,15.5757,-3.43635,0.674476
1315966442.618973000,197,15.3954,-3.60213,0.594937
1315966442.618973000,311,13.797,-3.45017,0.610532
1315966442.618973000,58,13.1679,-2.44385,0.583072
1315966442.618973000,312,69.7349,-9.06456,1.37027
1315966442.618973000,313,69.2965,-7.67702,1.15976
1315966442.618973000,35,-41.0239,7.02345,-0.398142
1315966442.618973000,314,72.912,-9.15418,1.47017
1315966442.618973000,205,-36.9675,7.23154,-0.255705
1315966442.618973000,315,163.597,-5.53454,1.68622
1315966442.618973000,204,-29.2275,7.11352,-0.145812
1315966442.618973000,62,35.861,2.39731,1.76575
1315966442.618973000,208,58.1105,-4.94333,0.883913
1315966442.618973000,198,9.30175,-5.2147,0.724847
1315966442.618973000,316,9.30207,-4.26425,0.653817
1315966442.618973000,317,-13.5682,-3.9373,0.510817
1315966442.618973000,276,-6.95353,-3.64298,0.397974
1315966442.618973000,318,-1.89377,-3.75329,0.431766
1315966442.618973000,238,3.81805,-3.96,0.511701
1315966442.618973000,319,-13.9156,19.9951,-0.874087
1315966442.618973000,320,-52.1218,3.15819,0.138381
1315966442.618973000,321,-52.5283,2.63891,0.144412
1315966442.618973000,322,150.285,1.20447,2.29359
1315966442.618973000,66,5.19128,6.16477,0.0885849
1315966442.618973000,96,10.4084,6.28575,0.276141
1315966442.618973000,247,15.9286,6.66717,0.0665907
1315966442.618973000,172,27.0219,6.42176,0.19454
1315966442.618973000,207,39.6296,6.25228,0.692917
1315966442.618973000,323,100.309,-1.65528,1.62619
1315966442.618973000,324,102.44,1.14986,1.17832
1315966442.618973000,249,111.256,-0.799485,1.42208
1315966442.618973000,325,131.382,-4.8374,1.58962
1315966442.618973000,252,145.587,-3.78188,1.8159
1315966442.618973000,156,29.4486,-4.36226,0.768527
1315966442.618973000,106,44.8518,-4.46548,1.14325
1315966442.618973000,60,64.2186,-4.63981,0.928474
1315966442.618973000,118,75.7587,-4.14506,1.33199
1315966442.618973000,236,69.9332,-4.92189,1.00464
1315966442.618973000,40,29.6794,2.34152,0.869888
1315966442.618973000,326,14.8299,-8.95596,1.84351
1315966442.618973000,226,27.035,-4.15258,0.833748
1315966442.618973000,327,17.2897,-26.4303,2.97324
1315966442.618973000,328,11.5554,-12.2388,1.11285
1315966442.819365000,329,-122.183,6.05619,-0.510998
1315966442.819365000,255,-80.4353,-1.86409,0.0747486
1315966442.819365000,291,-87.7443,-1.37822,-0.0200352
1315966442.819365000,112,-2.78742,6.24516,-0.0729335
1315966442.819365000,293,-6.11253,9.36331,-0.14362
1315966442.819365000,294,-6.25355,9.95916,-0.132195
1315966442.819365000,153,0.773672,8.64295,-0.152814
1315966442.819365000,210,1.27761,9.5638,-0.176353
1315966442.819365000,330,-94.6459,-1.63982,0.617563
1315966442.819365000,128,27.9893,8.90783,0.0667036
1315966442.819365000,305,22.2176,10.3007,-0.0388372
1315966442.819365000,248,23.5081,10.1514,-0.0172193
1315966442.819365000,295,24.2759,8.59654,-0.0294707
1315966442.819365000,90,22.077,8.95155,-0.121145
1315966442.819365000,296,24.5297,9.22956,0.0423815
1315966442.819365000,213,31.9677,9.95959,0.111237
1315966442.819365000,297,52.9557,20.6625,-0.571415
1315966442.819365000,7,42.1176,9.05213,0.117866
1315966442.819365000,130,40.9839,8.31733,0.138745
1315966442.819365000,298,12.7771,-2.25129,0.543602
1315966442.819365000,331,11.3796,-4.24425,0.652661
1315966442.819365000,316,10.8823,-4.12866,0.723749
1315966442.819365000,332,-137.852,1.13026,-0.602557
1315966442.819365000,301,12.921,-2.60287,0.624973
1315966442.819365000,333,-155.292,10.8554,-1.1116
1315966442.819365000,302,-118.104,9.7372,-0.934178
1315966442.819365000,303,-16.493,14.5576,-0.527608
1315966442.819365000,304,-22.0466,33.4081,-1.75247
1315966442.819365000,282,32.1513,5.56925,0.215924
1315966442.819365000,104,20.7812,9.96128,0.0037041
1315966442.819365000,256,3.39445,9.32555,-0.12601
1315966442.819365000,239,6.59792,-6.72297,0.761933
1315966442.819365000,306,-101.895,9.05656,-0.660263
1315966442.819365000,258,17.0082,-5.27252,0.791985
1315966442.819365000,311,13.5627,-3.32198,0.604518
1315966442.819365000,197,16.33,-4.456,0.840922
1315966442.819365000,300,11.71,-2.97692,0.686244
1315966442.819365000,307,14.0463,-3.64005,0.654087
1315966442.819365000,310,13.868,-3.89875,0.578986
1315966442.819365000,299,12.23,-3.65444,0.594845
1315966442.819365000,309,11.3514,-2.68073,0.561372
1315966442.819365000,312,67.999,-9.78878,1.27744
1315966442.819365000,313,67.6249,-8.64575,0.997295
1315966442.819365000,35,-42.6242,7.6195,-0.362365
1315966442.819365000,314,70.9585,-10.1093,1.36032
1315966442.819365000,205,-38.6243,7.76879,-0.227792
1315966442.819365000,315,161.792,-7.90825,1.49168
1315966442.819365000,204,-30.8189,7.53177,-0.125679
1315966442.819365000,62,33.6868,1.90244,1.70596
1315966442.819365000,208,56.3706,-5.82081,0.816482
1315966442.819365000,198,7.34651,-5.4906,0.72587
1315966442.819365000,238,7.34082,-4.54859,0.654506
1315966442.819365000,317,-15.3664,-3.7434,0.528837
1315966442.819365000,276,-8.72865,-3.54705,0.412409
1315966442.819365000,318,-3.643,-3.728,0.436217
1315966442.819365000,58,2.11292,-4.00693,0.510501
1315966442.819365000,319,-15.3517,20.215,-0.895574
1315966442.819365000,320,-53.6851,3.59459,0.203083
1315966442.819365000,321,-54.1493,3.07967,0.226233
1315966442.819365000,334,147.922,-0.987197,2.13476
1315966442.819365000,66,3.67501,6.10308,0.0686025
1315966442.819365000,96,8.80584,6.14638,0.248976
1315966442.819365000,247,14.272,6.42418,0.0306072
1315966442.819365000,172,25.4188,6.13668,0.146479
1315966442.819365000,207,38.002,5.67321,0.629093
1315966442.819365000,323,98.5669,-2.82803,1.47446
1315966442.819365000,324,100.257,-0.0933988,1.00614
1315966442.819365000,249,109.568,-1.99973,1.25988
1315966442.819365000,325,129.612,-6.76628,1.43049
1315966442.819365000,252,143.686,-5.90618,1.64416
1315966442.819365000,226,27.684,-4.80301,0.73807
1315966442.819365000,135,43.0312,-5.11589,1.0906
1315966442.819365000,60,62.4503,-5.58342,0.852872
1315966442.819365000,118,74.1236,-5.27299,1.24269
1315966442.819365000,236,68.1945,-5.96502,0.922866
1315966442.819365000,40,27.5165,1.88592,0.829727
1315966442.819365000,326,12.9918,-9.17264,1.83774
1315966442.819365000,155,25.2455,-4.62026,0.80766
1315966442.819365000,327,14.5919,-26.5355,3.00253
1315966442.819365000,328,9.56075,-12.1208,1.10553
1315966443.018576000,335,-125.366,7.60172,-0.736138
1315966443.018576000,255,-76.9536,-1.08487,0.153412
1315966443.018576000,291,-89.3889,-0.231683,-0.232683
1315966443.018576000,112,-4.37855,6.25734,-0.0743024
1315966443.018576000,293,-7.81816,9.42667,-0.141055
1315966443.018576000,294,-7.96446,10.0188,-0.129393
1315966443.018576000,153,-1.04118,8.65224,-0.139907
1315966443.018576000,210,-0.572838,9.6068,-0.16492
1315966443.018576000,128,26.523,8.58476,0.133941
1315966443.018576000,104,20.5847,10.0381,0.0214593
1315966443.018576000,305,21.8146,9.89781,0.0498564
1315966443.018576000,295,22.5034,8.24039,0.0283642
1315966443.018576000,212,20.3669,8.57352,-0.0599788
1315966443.018576000,296,22.7083,8.88838,0.103444
1315966443.018576000,213,30.3039,9.54044,0.197444
1315966443.018576000,88,-102.6,-0.136,0.696216
1315966443.018576000,297,51.6019,20.0324,-0.420081
1315966443.018576000,130,40.9148,8.5706,0.175154
1315966443.018576000,300,10.9463,-2.44135,0.549416
1315966443.018576000,331,9.88255,-4.24897,0.630339
1315966443.018576000,316,9.3373,-4.18283,0.726457
1315966443.018576000,106,47.2808,-8.48061,0.988586
1315966443.018576000,301,11.106,-2.77882,0.629319
1315966443.018576000,333,-156.77,12.8856,-1.4323
1315966443.018576000,302,-119.597,11.2874,-1.17587
1315966443.018576000,303,-18.1631,15.1824,-0.55182
1315966443.018576000,282,30.54,5.14833,0.289849
1315966443.018576000,216,23.4336,-5.76853,0.428416
1315966443.018576000,90,19.1019,9.59882,0.0661635
1315966443.018576000,256,1.55303,9.372,-0.10876
1315966443.018576000,239,5.12527,-6.75842,0.734932
1315966443.018576000,306,-103.396,10.3871,-0.867673
1315966443.018576000,258,15.5156,-5.63407,0.801844
1315966443.018576000,311,12.092,-3.53466,0.616882
1315966443.018576000,307,14.8867,-4.73794,0.845119
1315966443.018576000,298,9.87885,-3.20625,0.686247
1315966443.018576000,310,12.512,-3.88943,0.663514
1315966443.018576000,299,10.7413,-3.84431,0.606821
1315966443.018576000,309,9.60037,-2.87427,0.604307
1315966443.018576000,312,66.1663,-10.7299,1.37893
1315966443.018576000,313,65.8603,-9.50111,1.11213
1315966443.018576000,35,-44.1596,8.16983,-0.446273
1315966443.018576000,314,69.1853,-11.0273,1.4684
1315966443.018576000,205,-40.2276,8.28487,-0.298699
1315966443.018576000,286,137.018,-3.29069,1.57698
1315966443.018576000,204,-32.3226,7.92241,-0.184155
1315966443.018576000,62,31.5352,1.31179,1.76582
1315966443.018576000,136,54.7275,-6.47953,0.903805
1315966443.018576000,198,5.4758,-5.72203,0.715838
1315966443.018576000,238,5.50259,-4.79199,0.643372
1315966443.018576000,336,-159.106,6.02383,-1.0815
1315966443.018576000,337,12.0731,-18.9099,1.39258
1315966443.018576000,317,-17.0618,-3.55086,0.466118
1315966443.018576000,276,-10.4277,-3.44034,0.358007
1315966443.018576000,58,-5.35036,-3.69473,0.400726
1315966443.018576000,338,0.303048,-4.04028,0.486209
1315966443.018576000,319,-16.7122,20.4377,-0.880209
1315966443.018576000,320,-55.1782,3.95962,0.0993624
1315966443.018576000,321,-55.6178,3.48096,0.122534
1315966443.018576000,334,145.692,-2.80568,2.45341
1315966443.018576000,66,2.25054,6.04557,0.0803877
1315966443.018576000,96,7.21279,6.02127,0.273099
1315966443.018576000,247,12.6979,6.22912,0.062988
1315966443.018576000,172,23.8577,5.8135,0.207227
1315966443.018576000,207,36.4319,5.21496,0.717147
1315966443.018576000,323,96.9699,-3.96128,1.69442
1315966443.018576000,324,98.2656,-1.22562,1.14577
1315966443.018576000,249,107.906,-3.03055,1.49419
1315966443.018576000,325,127.901,-8.49076,1.67861
1315966443.018576000,252,141.814,-7.80552,1.91607
1315966443.018576000,155,25.9875,-5.17637,0.77026
1315966443.018576000,135,41.2844,-5.69235,1.15297
1315966443.018576000,60,60.7355,-6.43089,0.957831
1315966443.018576000,118,72.5126,-6.24392,1.36973
1315966443.018576000,236,66.5138,-6.87843,1.03828
1315966443.018576000,40,25.3846,1.48102,0.881272
1315966443.018576000,326,11.204,-9.35152,1.81959
1315966443.018576000,217,23.5283,-5.02081,0.83394
1315966443.018576000,327,11.279,-26.6368,2.92878
1315966443.018576000,328,7.69894,-12.0492,1.08363
1315966443.018576000,339,-50.5916,7.31667,-0.777462
1315966443.420025000,340,-130.614,9.76435,-1.14039
1315966443.420025000,255,-80.0387,0.046809,-0.131335
1315966443.420025000,293,-7.36501,6.35384,-0.0660634
1315966443.420025000,294,-11.1471,9.41245,-0.114905
1315966443.420025000,341,-11.2747,10.0699,-0.0992253
1315966443.420025000,342,-4.59113,8.73967,-0.10745
1315966443.420025000,343,-4.12614,9.80425,-0.121912
1315966443.420025000,212,23.5977,8.27159,0.25959
1315966443.420025000,90,17.3459,9.74441,0.135362
1315966443.420025000,305,18.521,9.69933,0.153107
1315966443.420025000,295,19.0731,7.89,0.133169
1315966443.420025000,211,17.024,8.1638,0.0363322
1315966443.420025000,296,19.2217,8.49043,0.215455
1315966443.420025000,128,27.0178,9.10265,0.337932
1315966443.420025000,297,48.8538,19.7485,-0.138361
1315966443.420025000,7,37.0534,7.13526,0.397896
1315966443.420025000,300,7.4977,-2.63407,0.532227
1315966443.420025000,331,7.07196,-4.25809,0.588192
1315966443.420025000,238,6.516,-4.14803,0.679169
1315966443.420025000,344,43.8074,-9.14212,1.01681
1315966443.420025000,301,7.69478,-3.00966,0.608601
1315966443.420025000,345,-129.152,3.71717,-0.741337
1315966443.420025000,333,-159.635,15.276,-1.85628
1315966443.420025000,303,-21.211,16.1546,-0.533743
1315966443.420025000,214,27.476,4.70061,0.401646
1315966443.420025000,259,20.2244,-6.17446,0.423734
1315966443.420025000,171,15.7935,9.17716,0.179404
1315966443.420025000,210,-2.11201,9.40642,-0.0601958
1315966443.420025000,198,2.42743,-6.71646,0.663718
1315966443.420025000,306,-106.299,11.9509,-1.13648
1315966443.420025000,258,12.7318,-6.09052,0.779212
1315966443.420025000,311,9.51858,-3.71996,0.603451
1315966443.420025000,307,12.1696,-5.07486,0.825636
1315966443.420025000,298,6.42718,-3.53036,0.664693
1315966443.420025000,316,9.72897,-4.21022,0.661739
1315966443.420025000,310,9.52931,-4.46174,0.569416
1315966443.420025000,299,8.01619,-3.98254,0.606151
1315966443.420025000,309,6.25588,-3.08665,0.53732
1315966443.420025000,312,62.9507,-11.7944,1.4719
1315966443.420025000,35,-47.1263,8.80601,-0.54871
1315966443.420025000,314,65.9737,-12.0627,1.56394
1315966443.420025000,346,5.63778,-19.9312,1.13146
1315966443.420025000,347,5.3143,-20.7801,1.363
1315966443.420025000,205,-43.9552,8.9378,-0.381306
1315966443.420025000,204,-35.2984,8.3955,-0.329367
1315966443.420025000,40,27.3142,0.523285,1.84538
1315966443.420025000,106,51.5353,-7.33759,0.991033
1315966443.420025000,338,1.72582,-5.2769,0.598898
1315966443.420025000,348,6.89682,-39.4625,2.29509
1315966443.420025000,336,-159.901,8.61697,-1.55184
1315966443.420025000,349,8.91962,-19.1088,1.23682
1315966443.420025000,317,-20.1432,-3.28938,0.352836
1315966443.420025000,58,-13.5863,-3.30153,0.261711
1315966443.420025000,276,-8.46967,-3.6455,0.319402
1315966443.420025000,318,-2.9107,-4.07859,0.420379
1315966443.420025000,319,-19.5152,20.6144,-0.789364
1315966443.420025000,320,-57.9006,4.21017,-0.0500484
1315966443.420025000,321,-58.403,3.73027,-0.0656559
1315966443.420025000,334,141.457,-4.86893,2.78466
1315966443.420025000,112,-1.29558,5.85475,0.111093
1315966443.420025000,66,4.364,5.91059,0.31686
1315966443.420025000,247,9.73712,6.02966,0.12651
1315966443.420025000,172,20.8731,5.38521,0.302182
1315966443.420025000,207,33.6834,4.92258,0.85063
1315966443.420025000,323,93.8249,-5.35535,1.93905
1315966443.420025000,324,94.4025,-2.45726,1.40683
1315966443.420025000,325,124.727,-10.496,1.98402
1315966443.420025000,350,138.297,-10.0296,2.2515
1315966443.420025000,216,22.832,-5.59365,0.777736
1315966443.420025000,351,38.0816,-6.29942,1.20515
1315966443.420025000,208,57.5615,-7.34885,1.06862
1315966443.420025000,118,69.4627,-7.40187,1.51093
1315966443.420025000,313,63.4128,-7.94996,1.162
1315966443.420025000,352,21.2075,0.969969,0.939008
1315966443.420025000,326,7.94017,-9.46971,1.73948
1315966443.420025000,158,20.351,-5.45339,0.833404
1315966443.420025000,353,7.16204,-26.8286,2.7092
1315966443.420025000,354,4.34388,-11.7652,0.95144
1315966446.620158000,355,-167.152,-9.68113,-0.350669
1315966446.620158000,356,-25.3255,4.68992,0.0348278
1315966446.620158000,357,-32.4731,6.73778,0.00822216
1315966446.620158000,204,-32.2877,7.22081,0.0352363
1315966446.620158000,248,23.4818,11.1411,0.225519
1315966446.620158000,104,23.1068,10.5881,0.317728
1315966446.620158000,358,-11.5379,-3.66177,0.401682
1315966446.620158000,359,-6.69262,-3.62548,0.55264
1315966446.620158000,360,-7.01602,-2.9848,0.664392
1315966446.620158000,361,-0.651532,-27.3176,1.17768
1315966446.620158000,259,19.9738,-5.62222,0.881831
1315966446.620158000,57,24.6816,-5.06066,0.775056
1315966446.620158000,276,-11.3784,-4.0656,0.523547
1315966446.620158000,362,-140.232,-4.13018,-0.57278
1315966446.620158000,363,98.4921,0.85457,1.08769
1315966446.620158000,364,100.359,-0.46907,1.093
1315966446.620158000,331,3.82033,-4.22519,0.245686
1315966446.620158000,299,5.24328,-4.91314,0.648288
1315966446.620158000,365,-124.06,-3.07955,-0.334637
1315966446.620158000,338,-0.767192,-5.58769,0.609537
1315966446.620158000,366,-3.9828,-3.9884,0.545084
1315966446.620158000,298,-0.998913,-4.35014,0.651317
1315966446.620158000,367,-12.6732,-4.64222,0.51144
1315966446.620158000,318,-4.06953,-4.48568,0.582418
1315966446.620158000,368,-4.16158,-4.78655,0.527663
1315966446.620158000,369,-5.73846,-4.29571,0.572242
1315966446.620158000,370,-12.7927,-4.10444,0.435693
1315966446.620158000,371,46.9403,-4.14641,0.977283
1315966446.620158000,372,46.908,-3.37461,0.820041
1315966446.620158000,373,-64.9733,1.747,-0.165018
1315966446.620158000,374,49.5444,-4.15017,1.07558
1315966446.620158000,375,-8.93348,-19.6949,0.941556
1315966446.620158000,376,-9.05246,-20.451,1.16958
1315966446.620158000,377,-53.22,2.93696,-0.0348522
1315966446.620158000,378,-3.6883,-78.6536,3.02336
1315966446.620158000,379,-4.71019,-70.2158,2.75507
1315966446.620158000,380,-4.24717,-55.905,2.38141
1315966446.620158000,381,-172.386,-1.81161,-0.600602
1315966446.620158000,140,43.3494,12.7919,0.258438
1315966446.620158000,382,68.1348,15.4039,0.539198
1315966446.620158000,383,68.8819,16.8661,0.405026
1315966446.620158000,384,78.1606,16.2004,0.340778
1315966446.620158000,385,64.7229,14.7716,0.325291
1315966446.620158000,386,133.586,3.6529,1.38426
1315966446.620158000,387,133.596,2.13592,1.49561
1315966446.620158000,388,132.935,3.41814,1.3928
1315966446.620158000,283,106.909,1.82763,1.1335
1315966446.620158000,249,105.871,-0.253978,1.45979
1315966446.620158000,66,2.62764,3.52899,1.62388
1315966446.620158000,289,34.9105,-1.25181,0.598333
1315966446.620158000,389,-6.42916,-18.8031,1.19957
1315966446.620158000,390,-17.4619,-7.32653,0.690559
1315966446.620158000,391,-6.15092,-38.8914,1.95468
1315966446.620158000,392,-2.89113,-30.5334,1.54011
1315966446.620158000,393,67.9257,12.4985,0.517495
1315966446.620158000,394,-159.948,-12.8261,-0.330286
1315966446.620158000,395,-5.99784,-18.5006,1.03472
1315966446.620158000,396,-37.28,-6.70202,0.49982
1315966446.620158000,397,-30.309,-5.74877,0.349022
1315966446.620158000,58,-25.0199,-5.43245,0.342203
1315966446.620158000,317,-19.4088,-5.13375,0.40596
1315966446.620158000,398,-72.0988,-7.51339,0.355509
1315966446.620158000,399,-72.6194,-8.22901,0.30864
1315966446.620158000,400,113.351,12.4313,1.78248
1315966446.620158000,162,-20.5459,4.66221,0.164556
1315966446.620158000,401,76.6663,5.92618,1.24575
1315966446.620158000,402,70.9893,8.63875,0.789963
1315966446.620158000,403,87.1801,6.77523,1.02606
1315966446.620158000,404,107.966,5.5464,1.07783
1315966446.620158000,405,122.083,8.0959,1.24907
1315966446.620158000,311,6.45306,-3.24913,0.572814
1315966446.620158000,272,21.4964,-1.99227,0.91294
1315966446.620158000,406,40.9656,-0.369379,0.637712
1315966446.620158000,407,52.7565,0.969114,0.997425
1315966446.620158000,408,47.1371,-0.229477,0.684379
1315966446.620158000,130,39.8898,7.06875,0.537608
1315966446.620158000,409,50.4542,11.1732,0.259373
1315966446.620158000,410,39.9594,9.9591,0.296233
1315966446.620158000,411,75.427,13.1078,1.62372
1315966446.620158000,412,-4.19236,3.06892,0.769694
1315966446.620158000,295,14.7366,4.33751,0.534695
1315966446.620158000,413,-7.99351,-9.12552,1.61283
1315966446.620158000,301,3.78223,-3.36312,0.665549
1315966446.620158000,414,-0.342637,-12.9249,0.909738
1315966446.620158000,415,-1.29797,-16.399,0.827648
1315966446.620158000,416,-6.67343,-26.3834,2.45657
1315966449.019538000,178,-108.186,-4.28823,0.548479
1315966449.019538000,417,-120.635,-3.82263,0.238712
1315966449.019538000,418,-5.22771,12.8447,0.165244
1315966449.019538000,419,-16.6659,10.8694,0.143769
1315966449.019538000,341,-13.1747,11.4911,0.146473
1315966449.019538000,294,-16.298,9.31221,0.132786
1315966449.019538000,420,-17.7614,9.62879,0.134387
1315966449.019538000,421,-16.2123,10.1446,0.150543
1315966449.019538000,422,-6.96628,11.1473,0.256146
1315966449.019538000,171,16.2818,11.2181,0.0494333
1315966449.019538000,90,16.0045,11.9109,0.00470174
1315966449.019538000,213,25.6304,10.0528,0.0150511
1315966449.019538000,104,25.0228,10.2812,0.028993
1315966449.019538000,305,16.6075,9.51506,0.29366
1315966449.019538000,296,15.7986,8.87989,0.312554
1315966449.019538000,211,16.4726,10.166,0.111139
1315966449.019538000,423,-15.6195,-3.56111,0.510138
1315966449.019538000,424,-15.5388,-3.01175,0.606398
1315966449.019538000,310,5.74723,-6.50955,0.68733
1315966449.019538000,307,12.5105,-6.8639,0.62888
1315966449.019538000,425,-24.7592,-4.0485,0.432775
1315966449.019538000,426,-188.542,6.16048,-0.292517
1315966449.019538000,427,84.6031,-5.88358,0.818039
1315966449.019538000,324,86.3684,-7.11197,0.751477
1315966449.019538000,256,0.613808,7.34418,0.245226
1315966449.019538000,369,-8.07248,-4.75198,0.512734
1315966449.019538000,317,-19.1402,-3.08395,0.51288
1315966449.019538000,428,-135.139,6.05726,-0.0574751
1315966449.019538000,429,-10.0452,-5.53185,0.578653
1315966449.019538000,370,-13.1757,-4.25926,0.447634
1315966449.019538000,367,-13.0977,-4.64108,0.49406
1315966449.019538000,430,-14.9066,-4.49732,0.488321
1315966449.019538000,431,35.3463,-7.69265,0.778591
1315966449.019538000,351,36.0874,-6.92319,0.62856
1315966449.019538000,432,117.173,-2.8051,0.852483
1315966449.019538000,433,-187.859,10.1647,-0.175708
1315966449.019538000,65,4.46308,10.7933,0.161018
1315966449.019538000,173,32.951,9.67089,0.176414
1315966449.019538000,127,57.995,10.8993,0.405542
1315966449.019538000,434,56.4429,12.2891,0.277765
1315966449.019538000,435,65.9476,10.7741,0.175263
1315966449.019538000,409,51.9816,10.4044,0.211595
1315966449.019538000,436,120.057,-5.72356,0.892052
1315966449.019538000,437,120.035,-7.59889,1.09486
1315966449.019538000,438,119.145,-6.11117,0.971585
1315966449.019538000,439,119.392,-7.00533,1.07147
1315966449.019538000,323,93.018,-6.49274,0.736545
1315966449.019538000,440,94.6261,-7.83173,1.10532
1315966449.019538000,334,138.191,-6.42796,0.955196
1315966449.019538000,441,139.018,-7.2572,1.04069
1315966449.019538000,442,-15.3226,3.20282,1.5991
1315966449.019538000,217,23.5746,-3.6644,0.447768
1315966449.019538000,443,16.0211,-7.62895,0.548872
1315966449.019538000,444,57.1678,7.7757,0.304679
1315966449.019538000,445,-49.2839,-3.96005,0.506443
1315966449.019538000,446,-41.8432,-3.47728,0.350046
1315966449.019538000,447,-36.5225,-3.52088,0.323232
1315966449.019538000,58,-30.8802,-3.60007,0.380328
1315966449.019538000,448,-80.7488,-3.96213,0.354497
1315966449.019538000,449,-81.1207,-4.7442,0.460687
1315966449.019538000,450,101.855,4.64931,1.48642
1315966449.019538000,162,-18.6004,7.41619,0.131021
1315966449.019538000,451,-8.07281,7.32801,0.206474
1315966449.019538000,96,5.25038,7.35304,0.628896
1315966449.019538000,452,68.8639,0.670591,1.07002
1315966449.019538000,453,56.1017,4.1509,0.572583
1315966449.019538000,454,79.6361,2.37632,0.826309
1315966449.019538000,455,67.1126,3.48962,0.956496
1315966449.019538000,456,97.0538,-2.41001,0.767376
1315966449.019538000,457,111.043,-0.570929,0.915401
1315966449.019538000,366,-4.99919,-3.57259,0.493013
1315966449.019538000,316,10.1545,-3.43839,0.800038
1315966449.019538000,458,29.65,-3.21264,0.477262
1315966449.019538000,406,41.4282,-2.67339,0.812064
1315966449.019538000,289,35.8541,-3.54885,0.516208
1315966449.019538000,214,24.0535,4.04294,0.419471
1315966449.019538000,410,41.1181,9.01357,0.14522
1315966449.019538000,212,29.2018,7.36376,0.194452
1315966449.019538000,459,65.1696,8.01708,1.4467
1315966449.019538000,460,-21.1761,2.62174,0.791064
1315966449.019538000,112,-0.552578,3.41406,0.463404
1315966449.019538000,390,-19.7845,-8.33991,1.47787
1315966449.019538000,360,-7.84791,-3.37813,0.580588
